id,label_id
test_fczljoetvr,1
test_awhucspncy,2
test_alsbqmohsp,1
test_matehotxir,1
test_qdbgswogwu,0
test_kxjkxzsawe,1
test_hcxmlpkgcl,0
test_xxonhrgvtc,1
test_yxntxkjwku,0
test_zvrozmkhml,1
test_iwfsgvmssc,0
test_eioziuqref,0
test_esqddbepds,0
test_rcebykthpt,2
test_lzppwpxluz,2
test_ykdvgtjsjt,1
test_lxzdpbjkzj,2
test_nzgvnnuqix,1
test_bjqnjzhrmv,2
test_xurxvqmhbb,2
test_zqslmzzmdo,1
test_snmfgnrajf,1
test_ggocvmtvbg,1
test_rsivhllgun,1
test_cmldmyvksg,2
test_obgblnvbuu,1
test_nkcwtddqai,1
test_iylwasqxyv,2
test_fbatoxqmjg,0
test_abxxjhksro,0
test_zhhmmvsrko,1
test_vgyzicyviw,1
test_nogjucsssq,1
test_rgxhtovbyi,1
test_qdscpahtma,0
test_fhixagjtwp,2
test_azgxdazivw,1
test_mhjmisyzba,1
test_bospwiiemx,2
test_fxzpmzfcoq,1
test_plyfrcgvsr,1
test_eebesbskdv,2
test_vsailymvng,1
test_yzxgzonmle,2
test_jqmlowmmqi,1
test_zgksjdgsxn,0
test_uvvgpldbtm,0
test_olrundotip,0
test_hsqlfuslfd,1
test_dvlbjhldnv,1
test_jjswxyfthj,2
test_azxavrybeh,0
test_cikuaysrvv,0
test_bppvljkfhk,2
test_lnfpoddeas,0
test_rfiusrhhjz,0
test_rkymoighvd,1
test_dsyncbanss,2
test_gbsbnwxmop,0
test_ciolbfgflx,0
test_wsuulzvnyp,1
test_sacnfrwacy,0
test_wnfvsfeckq,0
test_uxyztwycna,0
test_pohxeskarf,1
test_jacwvtnxhf,2
test_laqxkoyglg,2
test_isrxsynrtm,0
test_qpugabhrgq,1
test_rzasdhfdms,1
test_lvdzzrqutu,1
test_kytakgtwyv,1
test_xnpaqswjnc,0
test_fpxbcwxmus,1
test_lcpagzrkgq,1
test_swulsqnmwo,1
test_pixgxkdrdz,2
test_eublfqmrnz,2
test_domablcfwg,2
test_hmrnhxgujt,0
test_kewtsdfpts,2
test_qwqozbzxdj,1
test_uxqdhvnrok,1
test_rtzqdgesdy,2
test_juudhkmuib,0
test_kiapdmxvbf,2
test_lmiyncsozl,0
test_tbidffahxp,2
test_iitbtwmoks,1
test_sqcjurqghw,0
test_uknvgbtymg,2
test_ebwumoshfq,0
test_acalxzvuzp,0
test_btoluourcq,2
test_elktshdktm,2
test_xjowvlasup,2
test_hhtspqapzr,1
test_qkoqhwuocp,0
test_fmokngvigs,2
test_tgirsxtjak,0
test_zhcehncszt,2
test_uknqjjtkee,1
test_zwlheascrl,1
test_pfnscldzox,0
test_esjypyanud,1
test_ykjmjjepgp,1
test_ykoscpydwi,2
test_zdtmjvamjs,1
test_cuzdtrgbzd,0
test_yqxaikfrya,0
test_erxsyzhnln,2
test_qqfevtfvbi,0
test_whfjdizmur,2
test_bxeyuooemb,0
test_bavxudytfm,0
test_udqxhixozc,0
test_rnxktapiry,2
test_snfsizkbxx,2
test_qskqfsbzke,2
test_vivkevoryu,1
test_ijybjcbrmc,0
test_awpwcetrjo,1
test_pcperijjhs,1
test_uvcpqxqswb,1
test_gwvbwaguad,0
test_rklyqmzsvh,2
test_tqdiaembed,0
test_vdcpbkpjka,2
test_hstvlkuofq,2
test_dwscijrmyw,2
test_oxinmtqnxy,2
test_toyrnfnksg,1
test_opnmtkqrps,1
test_stnsomvxlx,0
test_irvsnbbpaj,1
test_riimyrfifw,2
test_cfpqgvjbfe,0
test_lprlzoxyul,0
test_lhcxpaemmd,0
test_zuywjhetfx,0
test_kqixtqsimd,2
test_tkjckfzpig,0
test_kptrlisfla,1
test_poysilizgu,1
test_fcixnelrko,0
test_pbvxyhysif,0
test_scxnvfihdh,2
test_hhqnxsxilz,1
test_ndnptfyokn,2
test_kcoiumvpem,0
test_rpuunmudjg,2
test_ohkzzftued,0
test_modfqajkgw,2
test_umehgyavzv,2
test_xwvhqmuhex,0
test_voashoyyop,2
test_xksohefbir,1
test_orwfcfmsxl,2
test_zrplngigvo,2
test_zvzxqfbxlu,0
test_soofyjkwch,0
test_hahnwkwvtv,0
test_sjjwueriur,1
test_cyhipjenwu,2
test_ukmciajogj,2
test_efwtprmffh,0
test_gntvoridxd,0
test_cqtuwpjzol,0
test_craqqhmcpt,2
test_uiovpzogqi,0
test_ikgjhtalld,1
test_rphzxkcvbq,2
test_okyyxdvmtn,0
test_vtgxxzeotd,2
test_msvzpxdbif,0
test_scgicrcyle,2
test_lejatspfck,2
test_yoxuasuooo,0
test_wrwowzyezc,0
test_kscexjjxnp,1
test_idwsacewpv,2
test_crgwgzwpfp,2
test_hjelropntq,2
test_pbmcgxvane,1
test_tibrbuofrv,2
test_dacpxlxswo,0
test_owxjvtgicm,0
test_oecwbfvlgc,0
test_lclhogyygn,1
test_wzrjhvkmuk,0
test_gopqqoflmi,0
test_ricwfeyevd,1
test_hwsgdmqzdc,0
test_ukjjyygmas,1
test_ieligyrwoi,2
test_bqtgzrsjnw,2
test_hwsonwrkfh,2
test_rfvfnnurzy,2
test_ztwfsduigo,2
test_ihlpevhqgd,2
test_wzxthgutuo,1
test_rvlnwbchvj,2
test_yicfqtwfyr,2
test_pstpbjjuif,2
test_ljwnzysrlm,1
test_sgefyiyfre,0
test_mnzhifzsyq,1
test_kryrauxynf,1
test_balzxqleqq,1
test_ifigxcvtgz,1
test_kqpmamsvqz,0
test_ntmgqqblhi,2
test_visiefttal,2
test_zuxdpaeiuo,1
test_sepvohtkyr,0
test_ytzbznrlwa,1
test_fiiqbctkqa,0
test_ksjtvknxrt,2
test_hobwcwbzyq,1
test_dfkddygier,1
test_mpxmdsvbin,0
test_quwtudurba,2
test_qvappzzqoi,2
test_wmutierwwx,1
test_lpquzlztun,1
test_sbqfjbjpvb,1
test_ozqkwrzhtt,1
test_vnixiecryv,1
test_ptflbbhtxm,2
test_fgapeygbam,2
test_xbfizejcmu,0
test_lglccsglqp,2
test_czdtlvlxsr,1
test_gpvvhfnkpf,2
test_mhljjuqizb,1
test_wbhbleulaw,2
test_wjffdgflnj,2
test_bwolkvhurv,0
test_qpjzzoumux,2
test_nrrninowdj,0
test_vvgrihsanf,2
test_glphkewxtc,2
test_utnjvyzudr,1
test_wmkdxzekho,2
test_gmdiqxoqhw,1
test_mhomvavrkj,1
test_ctjlhbdscy,1
test_hqqzfxozzu,0
test_gyzaznnhns,0
test_qgcorzowpf,0
test_nrkjywezvt,0
test_onmqjysbbq,2
test_dfprrrmpju,0
test_tllpsgzrjb,1
test_hkrptseikv,1
test_xoyfymjdvi,1
test_pkevazkefb,1
test_vziygwcahu,2
test_ybteoyrsem,2
test_vuuebhdykc,2
test_wxvhxpdypv,2
test_ccpaftjlur,1
test_kdetlujuvf,0
test_sifgcrjpwq,0
test_wzfepvavft,1
test_zjgewauugx,1
test_zyyzqpkbzl,0
test_uylctquuhb,2
test_eaxfuoohyc,0
test_urfompwqaf,2
test_ngcnnklpbm,0
test_yqrdpcbkzj,2
test_zrltqthkvs,1
test_kvhjmsqacd,0
test_gqjizlgpjf,2
test_nzryuqxfaw,0
test_ukfswdxafu,2
test_xbgllsvxtl,1
test_uinomcjbsp,2
test_kbpfcluhkw,0
test_scmizrnyhm,0
test_snaxfycaof,2
test_mpseshcllh,2
test_yrbyjbsbjv,2
test_gahxfrmjcm,0
test_marvzwwvie,0
test_bjrrhewgty,2
test_umiyqwtbmc,2
test_uibxibiozx,0
test_itldiqahyq,2
test_lvdgyppzhc,2
test_mgdrewshsn,0
test_lehsqcwzvc,0
test_jhvaolfvix,2
test_acdkgnbolb,2
test_brakpqxxed,0
test_ckimyxgsvc,0
test_uwjulosolw,1
test_zmprcehuda,0
test_ebxizzprhg,0
test_jqqkzolkgk,0
test_bwijjjuebh,2
test_yqlzsyuvrt,2
test_waanowbmyf,0
test_qfavwezurd,2
test_kjgmblflyg,0
test_kchyhnqjmx,2
test_poxywsxqzm,1
test_jbumawgxcx,1
test_suyexdwpeg,2
test_jquxkfowhh,2
test_nkusuqzgwi,2
test_ejjmwpwkek,2
test_wjxfxwhdbd,1
test_nyybkfbxko,1
test_wgjmznirgu,1
test_xszkfgxijn,1
test_rghgfblaac,2
test_xkgwsipkob,0
test_gqovlgpciw,0
test_xjgrusxufk,1
test_oqcnfozmfs,0
test_haanbfppsb,1
test_elxothqbuq,0
test_ibjvfocvnn,0
test_asrbqcozri,2
test_metqjqfmuf,0
test_udbpduxria,2
test_mkxsuxumgi,1
test_forfdgiygm,0
test_jzlwbhkpau,1
test_gomcjeehqb,2
test_cmskgqboqf,0
test_clskxkgsbv,1
test_iajulbknux,1
test_ubhbqqaodw,1
test_soaiaknqcq,0
test_nfluebvszs,1
test_gqadcjgygb,1
test_gpodfizzgk,1
test_hffscmxazk,2
test_vwqrcshqfr,1
test_bomgpynxzk,2
test_tyobgkmrny,2
test_zodnhpofdg,0
test_tepomvnpho,0
test_nabrehazdm,1
test_rkjnjluagx,1
test_wbyjlncqyq,0
test_rlfzmqbqvq,0
test_ywsdibgicy,2
test_ponlhuyhgx,2
test_aorsmzyonw,1
test_xqsegtpnpf,2
test_pxdnxphqqe,1
test_qqcsimzors,1
test_jcwskoivsm,1
test_caidrwedpy,2
test_lccwwnqxsv,1
test_lclzmpoiif,1
test_ozkcfhkyus,2
test_sdwgldiqlg,1
test_icrwkwyjxr,2
test_pamywhrhgg,2
test_gpahpplqfo,0
test_joyzngznvj,2
test_woysrhwpoj,0
test_vionwlbcqj,2
test_nqjzcufvlg,2
test_jvtdvlzyoi,1
test_ibywtazyso,1
test_kjjgxqntoh,2
test_bismmceldi,2
test_zwvunpoodj,0
test_jdzualihsv,0
test_eipfbbxtgb,0
test_nwceekwxdy,1
test_uzhojemtnt,2
test_vinkxgkafr,0
test_jrurgvhlzz,2
test_pxvwfpmqwt,1
test_jrcylwedzi,2
test_uqmjfksdjk,2
test_rhqiqmqmuf,2
test_yverpczdyg,2
test_atlsizblnb,0
test_whcupydasj,0
test_fywmynqwts,1
test_mjvwgtsneb,2
test_unrgnjyliv,0
test_wzodggeapa,1
test_wxgbsajdsv,2
test_tvnyydvmhv,2
test_izmpnomifj,2
test_xcycmaqxwt,1
test_enxgzatggw,2
test_uiwaxntugu,0
test_nbzixejggn,2
test_ownsdltsnp,0
test_uewjtjcutq,2
test_fmnigkqqbp,1
test_rmipdohlti,2
test_jedkfntwud,1
test_retvahowdv,1
test_usppxhfxwb,1
test_czezlualfn,0
test_wmnooeaqpg,0
test_guqkcddmdv,1
test_nmkyxheezg,2
test_nqjtpoacar,1
test_kdwrlsgxrj,1
test_oeacxxjegp,0
test_mpcgoinabn,2
test_doztrnjpgl,0
test_oklqcgngdd,0
test_mlmponvxdh,1
test_oouzswyudn,1
test_znmcmloqpj,1
test_gsprjizbul,1
test_hkwsdryzrt,2
test_bpfxknxjmy,2
test_iwsutycgzl,1
test_jhgwycprhe,2
test_hgkxmesavc,0
test_eqxaqjznwm,1
test_jilufroxeb,0
test_gmaojepxgq,1
test_whhdldnahj,0
test_esfondhhvt,1
test_najtmptxxa,0
test_fyexdxmtnb,0
test_ppfhuqsdkc,0
test_eeynjtabhh,2
test_orgogvnlvo,1
test_vyyzsikver,1
test_kdbwryltvi,1
test_llrntsunuy,2
test_iechfzqmzy,0
test_octyopbtjp,0
test_bnpujsveze,0
test_ducpteacjr,2
test_kfvfzfjbaq,2
test_tokuacjuzm,2
test_etgnmxwwks,1
test_feexiywlkr,1
test_eeqhnlnxjq,2
test_ucevuoieje,2
test_vhsehezmvr,0
test_tuzsetkgxs,2
test_cnamlmsynf,0
test_nlzlqtinaa,2
test_gnljnvusuj,1
test_zwfgjzvadc,2
test_ccsqfnelkl,1
test_itjcanemxs,0
test_cmlhizaapi,1
test_dmnybzlmmt,0
test_pzhkkyzbxz,1
test_heiolewpfr,0
test_dipmakwcnh,1
test_rwdexwivcd,2
test_vvbdnqewjs,1
test_zezzzhmyqz,0
test_pbsqebuwxz,2
test_xyxbrdakoo,0
test_lcieludzju,0
test_xoqcguzzfz,0
test_jmttullajn,2
test_qqfqeqfhwh,1
test_jocpsrgccc,0
test_vigpqfopkb,0
test_kfwbnkrfxo,0
test_dsfyqyzpvi,1
test_vudrzgvvln,0
test_jqufysoqti,0
test_qayczyiryx,1
test_dgxttwidbg,2
test_swaxgixhum,0
test_iucnzlfhid,1
test_bwblldrpkk,1
test_allkxqvrim,0
test_tdnnxalffg,1
test_ehxujzjipq,2
test_afysbrhhwh,0
test_xtetsdftdg,1
test_wzglndurrb,0
test_bdxvlplqlv,1
test_adgidogzhb,2
test_zbtfizmhqs,1
test_hmwjsobsce,0
test_icrsgampyt,1
test_qvqqkkqnym,2
test_iihxsgdumk,1
test_yuuknyqupf,0
test_gllaazwrch,1
test_odddergohg,2
test_tjmjeumyft,2
test_qgslrjkxww,1
test_hntyjwwwsn,2
test_shsdshtmjd,1
test_wddosnrnzh,0
test_cwbimrwftn,1
test_bkcbiaynol,2
test_oamfiaghgt,1
test_pbiehhddns,0
test_ndkbpkdhjy,2
test_ckcaxcltzf,2
test_nlwzpeoiuu,2
test_lgwfooyttm,1
test_auesyxviar,1
test_ryurjvkych,0
test_rnrleqpdgq,0
test_wpzuoydgzj,2
test_qzmhoqiipr,1
test_tlppvqbovl,0
test_deqwsmdhnk,0
test_gegheyeflx,2
test_envwabmocp,0
test_yquifgaqor,0
test_dfpuhkdhte,0
test_drbxeunaro,2
test_cutgcsezuh,1
test_pttzwjebjw,2
test_cxaqgjkidg,2
test_vlxghtygun,2
test_cihasnfoil,1
test_havymtwhgi,1
test_peoydlslip,1
test_shayfefjmr,0
test_sxmnyiguzj,1
test_carqxncpss,0
test_huyqaypoan,1
test_ufkmpxglln,0
test_whpidqxhqz,2
test_jutqywuyeh,2
test_lzflefvumy,0
test_pygahbyqpx,0
test_btpoyceorl,2
test_nggyizcbii,1
test_zsivprwxpl,1
test_xcusgnvsio,2
test_gvqbsqlhud,2
test_spzhgfbicy,0
test_kwerwdszid,0
test_uxbsrriaei,0
test_usrtheuwgl,0
test_dpbimtcxki,0
test_otzqrdhbxb,2
test_vqqtmhmiow,1
test_bkpxobfrkd,0
test_pqnyauawee,1
test_zxwtkviptn,1
test_niluwjqtls,2
test_cpxzbuzmgd,0
test_tnppnmlanm,1
test_xcwoeygekg,0
test_vnmyyxgvnp,1
test_stbeakpwqz,2
test_nkekealtfu,0
test_uirxserqjk,2
test_cjouhpnkqn,2
test_hyiirnmecx,1
test_iaeapkvgvd,2
test_rsmhvzkfra,1
test_rsnqrmreix,0
test_wuouhfxegh,1
test_ndnkmfmpbz,2
test_iacsosyvwa,1
test_wcoptzbtjj,2
test_pieoozslrj,2
test_ujzccyuhnb,2
test_msaqlkdsqx,1
test_gjnbugovep,1
test_mxqkqhhtuu,1
test_ddtmdbnbxy,2
test_cthcxxlija,2
test_ngrwzzyqfl,0
test_wsyrlhjqpi,1
test_yqrsssawpv,2
test_fnmzpgysyi,0
test_lvvbzpuiza,1
test_wkfxavqfxh,1
test_kpfdomffvp,0
test_bzjeizyjdh,1
test_senbwqtnip,1
test_flkfzopdzp,0
test_owpqckffut,0
test_kvwnmzbwqs,0
test_apxuifmafc,0
test_ddjxbnytcp,0
test_xbgriipflu,0
test_fyjzctpfqz,0
test_khvpxgtjwt,1
test_gfwaaspcoo,0
test_oalbwrhleq,0
test_dompjuelxx,2
test_prsoherdkh,1
test_ttammudegj,0
test_qbuhimbuju,2
test_mqhumzcooi,1
test_mnmhcfasfl,2
test_lvmfihkisc,0
test_lpcjezinng,1
test_efnjfxzvxh,2
test_rlxfyrsvih,1
test_pyxrnczzpj,2
test_joidbcpcgr,2
test_hrbsaalisi,1
test_caxeonbcgj,1
test_gowhtxkkbq,1
test_gkwjtvubts,0
test_jdrxsvnywb,0
test_twamwzflvv,0
test_vuuztenege,1
test_qeicquvxbp,2
test_isxepqbipj,0
test_kcsihdmmlu,1
test_cljfmmahci,0
test_xoftkpyeum,0
test_mcuwtwjnpr,0
test_ngqweiwmoy,2
test_qpulzngfsb,1
test_vxfbfpntpk,0
test_veobvlhmxk,2
test_geklawggbm,1
test_lqwtutbfuq,1
test_besxqltucz,2
test_mwpxyjprrt,2
test_ucgbqkofeb,1
test_gonmbjabuy,2
test_bqxmhpbzeb,0
test_wytilacoox,1
test_kghqieuvfn,1
test_ueepeelzws,2
test_lblxgxvdth,2
test_giurwibnab,1
test_klgemvacpf,2
test_irfxxyfgis,2
test_vjqilianey,1
test_yfpmgohmes,2
test_fcndquooxc,1
test_gidgwbkumv,1
test_ogwoypdphp,0
test_albdbovgwo,1
test_kfchboviib,2
test_tenweqonvq,1
test_eycfllzepv,0
test_rahwvjhrww,2
test_quzigmifhv,1
test_scniiijftd,0
test_psrvqjtidj,1
test_hartzfsccq,1
test_kplowbyjpw,1
test_ivlrmvkspa,1
test_mllbzlpilr,1
test_gxletrhvws,2
test_rouprwinyq,0
test_uqjceqrywb,0
test_nnejlowuyy,1
test_ealbogdhwb,1
test_liqfewbgyc,2
test_ijlelmboxd,2
test_rthmpkgckj,0
test_cngcirsryo,1
test_yxsfikqvua,1
test_tymstviyno,0
test_qxezsqmten,0
test_hylriadsus,0
test_nvmpfuyodd,2
test_xrxfhzlyof,0
test_tudflxujva,1
test_camshnuopf,2
test_rdwxikkdms,0
test_mgymmysfau,2
test_yvkdzfryui,0
test_nwejytwrzi,2
test_wdsnyprbqu,2
test_wawbfbajig,1
test_mcajchoenv,0
test_mdaxgjvcke,2
test_qqbrhccebu,2
test_aaowsiucei,1
test_wuwjckhmmk,1
test_eezqjfqogd,2
test_xnkcdtlmzq,2
test_rpawxizrbs,2
test_kgvrlzwahi,1
test_ordiyhxewl,2
test_wikfchqvzn,0
test_kscsruqotp,2
test_nfekohuwwx,2
test_byzsbedjzv,0
test_rxciemxmhz,1
test_yetrwuabac,0
test_bckqlytstl,2
test_fgfqkismky,0
test_rgcokezvzq,2
test_zofgustzku,0
test_kduphjhcvh,2
test_mqprvvfymm,0
test_pmlypjxyhp,0
test_jaotiinynx,0
test_mjhdjmgnfi,0
test_sdhcghwejq,1
test_pehjfeauiu,2
test_bsppnaugse,1
test_fklmfhrwtz,1
test_jivxqsdamh,1
test_mbkihsqohm,2
test_ujakvohrra,0
test_xtrkffnzaz,2
test_ukuqzzhsts,1
test_tlucleykhz,2
test_tnxblezjto,1
test_cheekqmtyj,2
test_peockcdlwu,1
test_jfaiwydrkz,1
test_kofdtcjynd,1
test_ryhfzpgedn,1
test_okoknsbkrv,1
test_agjcchslzh,0
test_zvotukymaj,2
test_krqihdigyw,0
test_bfevephyaa,1
test_gkbxcxjvlm,1
test_apzsevvcgo,1
test_ndpsqfkfls,0
test_xgpdnfmkdz,1
test_omotfthtuk,0
test_bkokwnhcso,1
test_qmihfephvs,0
test_pbvnpppzet,1
test_lirudhlcwb,1
test_ehbrppgytk,0
test_tlnjxqqgge,0
test_flhezmdkkv,2
test_wzqqxsrsvm,1
test_gvpcvoxrbz,1
test_ynjkmjidmv,2
test_igcecxkmyk,1
test_kzoubvwccc,0
test_uyhlceyzgj,2
test_ofnbzbssul,2
test_xgghswyfru,0
test_qxcgyiqbmm,2
test_rqepajjhij,1
test_epvpzpihlc,2
test_ryikszcfmx,2
test_jmgianibnp,0
test_btkwljcpzo,1
test_ovnwvwwwex,1
test_eznzhthlqb,2
test_aerfkvmfum,0
test_ywbrclebnr,0
test_wlkksvpbzh,1
test_vsmxbahmku,1
test_infjmkiuvd,1
test_csfomxhzmp,2
test_djgsgivrht,2
test_ukvfgiufjc,2
test_hykeibawho,1
test_lemaltqzvd,1
test_nbcdkyfyez,1
test_nuwixiqphl,2
test_uucomehmko,0
test_iihhwsnirs,0
test_tnjwelftou,2
test_hqxqamdabg,1
test_yovuluxmii,0
test_yegxppvzqz,0
test_mcriktozpm,2
test_qkmwsbbcrc,1
test_hycyilbcbp,2
test_kuxulfwtfp,0
test_zdusdkengz,1
test_fnlciuhmlf,0
test_puxijwasmh,2
test_nopcfybiqk,0
test_ckesvmhdjx,2
test_arwmwnzeqb,2
test_svfpafokhz,0
test_krtchdeuak,0
test_cohruksand,0
test_irinvyoxvs,1
test_hdksegqckm,0
test_uohnizrgln,1
test_akvhxdkwof,1
test_kxxabubcbm,1
test_yhbbwqdhae,2
test_ljozwqtxkr,1
test_fqinbfcmnp,0
test_leakpciwwr,2
test_tfyqoqmmhy,2
test_penuwrcvsk,2
test_sqduwsawir,0
test_qgpksfsbdy,0
test_euaynqdxst,1
test_brlbcujkln,2
test_wyubmwyiqw,1
test_xbxyuccclt,1
test_nllpnuhxpi,2
test_emzcztfijw,0
test_qgjclrzeqq,2
test_nvtvksozyq,2
test_etnlgoxldg,2
test_hdmuucdlzt,2
test_azzroprylp,2
test_zwzkswrcno,1
test_bhqmjjmann,2
test_jpqiwhsmgw,0
test_ayiomigypn,2
test_qwnquywmpq,0
test_awoprnmgye,0
test_vtqaxeezqc,0
test_aykvwejndx,2
test_wjgvauista,0
test_pcrpwhrsyk,1
test_egivhifeiz,2
test_tlcxhjbmof,0
test_ckyawmynxd,2
test_kwphhrvpea,1
test_aecrmkyhwk,1
test_rdctnazobw,0
test_wkggkqbykf,1
test_ybcngxkhln,0
test_ofwyrqajfy,0
test_iqoekawppd,1
test_ricnlqnqmz,0
test_kvyqgncast,0
test_vinhzxxhme,1
test_gfvibhdeup,2
test_dliahtnbvq,0
test_hrvrlgwvlz,0
test_egkkcamrlp,0
test_xzejrcxjes,0
test_frtieoheqy,1
test_lzadlqaclt,1
test_spoaqfacmf,1
test_mammtsdcez,2
test_orknqbaggz,1
test_qxzjzrpgjy,0
test_rsxfznnjcc,2
test_srocakmsbx,2
test_xptbkpynlh,0
test_njpmfqamrd,1
test_nekebxhpar,0
test_vlueejnnlh,2
test_aifmctoula,1
test_xcnjfalwau,1
test_pkywfozbkg,0
test_sbumlgphgt,0
test_zurexjjkbv,1
test_ztmkrtsixv,0
test_zmhvqbappf,2
test_jbtatpilaz,2
test_dzurfewtdr,2
test_wykqwqokvc,1
test_lzscdzlsne,0
test_dtediqvzsc,0
test_znwzbvoxdc,0
test_khbnykpnpp,0
test_lunicxygyd,0
test_ibojkhgcak,2
test_cdqivhliuw,1
test_cpysxfanoy,1
test_ihcphpgewk,1
test_wthefqxtux,0
test_wsywvmwrqy,2
test_buosuhyxer,1
test_rgxzykljrf,0
test_yevihchayu,2
test_zekrwrhndz,0
test_gikxuiyszv,1
test_xysqozscvx,1
test_pxwwygtfms,1
test_wqkbbeobym,1
test_hchrmjnpnj,1
test_cxwgafjohm,1
test_dclfbkviwj,1
test_aeziqpswtk,2
test_wxjsirxrxk,2
test_qxqfpuyrzp,0
test_aececlrmgy,2
test_mvkulwjavq,2
test_hzevhovady,1
test_hrxbvwpzoa,0
test_otcbjgdnrv,2
test_kuuozcpqro,0
test_sihcvqebra,2
test_skwszolfwp,0
test_wksqsyqdnn,1
test_bygnuqrgjp,0
test_psnbqbtnjd,2
test_ymsikrwyvv,1
test_wkrqkxqstl,2
test_axbdcyttrl,2
test_fqaayncxpl,1
test_syurszlhdm,0
test_fkyyattkup,0
test_ftjuhhkzsc,1
test_dmxadhqqbo,0
test_psrlpwihrn,1
test_pstenlzlqo,0
test_yzvralnyau,0
test_xwaqvisanq,0
test_meywdigamh,0
test_eczmeggjpg,2
test_ufudgqnkiv,1
test_twwtwrzgif,1
test_fxscrecdgv,0
test_hjqpykvqjk,0
test_eozucqrcgp,0
test_epqbdeepug,1
test_bthwiprjty,1
test_hbqzehlwqo,0
test_vczeyzwujd,2
test_tzjrikdmzj,2
test_kahvonpqtl,1
test_sgygmhvmlz,1
test_ymwuybvvtu,1
test_dmrkbxcpng,0
test_ngdnscylsp,2
test_ioxpufdlkq,2
test_juurotmdyq,2
test_dogfaqzylu,2
test_ymopndavpl,0
test_bqmdpcaoqb,1
test_ddmqeoeczc,0
test_hxagrjijev,0
test_lqmdgttnzg,0
test_hrgzwdxcfh,1
test_ytvgzzkqfo,1
test_ezppjfkijt,0
test_ixgchtaufi,0
test_wfwyqdpvpy,1
test_aumulzamjb,2
test_bshdkqcoou,1
test_pdsnihoxql,2
test_peyeivapoq,2
test_idlsxovnpw,0
test_npwnwxurxr,2
test_nmnrnfcybt,2
test_udqbvctwqm,2
test_qquwyndpke,0
test_drbghhdots,1
test_fduiquqdcr,1
test_ratndvkeay,0
test_mtquaczsdw,1
test_dhzzyayigh,1
test_illauxaiur,0
test_biaodwapoz,0
test_cfmsnfiebw,2
test_osnzxodhgx,0
test_nmqbackest,0
test_vkwrimegsx,1
test_zhfflhsjis,2
test_vzdchkgmdn,0
test_hvayiorije,1
test_nzkcclceyd,2
test_prmtqtqkww,0
test_northirscp,1
test_yzryovxkpt,1
test_yhcfyvzoqx,1
test_zgnbazcdky,0
test_jstvckqfyx,0
test_oxxcxqidbl,0
test_lvnkozautu,0
test_mfwajprddm,0
test_hxdtauxawp,0
test_dzhfbzpbny,2
test_ijiirwfvsq,1
test_yamfevscsz,1
test_lvepfsdmwe,2
test_abcohuwmla,2
test_ofkniyopbc,0
test_inyudtevsk,0
test_ylvvldhtff,2
test_wqlqqiamed,1
test_iuvsxnjcwm,2
test_srdqhswlhf,2
test_iwejgthtjx,1
test_oshnmiiydh,1
test_ppkhglqjyc,0
test_chkzxzrhxx,0
test_fvxqpivmqe,0
test_gvbucnqfzh,2
test_gkpkjsssxx,2
test_jiemnwnevt,1
test_sywjmyqoow,1
test_qgoxqkerbs,0
test_xuggckkiok,2
test_miguuukscl,1
test_ovivxjnheo,2
test_vdklprsyvf,2
test_nnmibmzvwo,1
test_dvzmvwfjrr,0
test_rbhefqaykp,1
test_yebopmfvet,0
test_zkprztzcot,2
test_ljyvrlpuym,2
test_vfathcbiig,2
test_wzospgcksv,2
test_omkcsftuzw,1
test_cbldqfralq,2
test_jodclwrzdp,0
test_bskpemaskz,2
test_bivzmfnida,0
test_drvulpwvtn,1
test_vtzdosavty,2
test_mealqhvana,0
test_dqotbmbbza,2
test_rkephlwylm,2
test_wsoyznaijj,1
test_amgyefdesj,1
test_osrxviavfo,2
test_ooitnjnrxh,2
test_jpanzuvspy,0
test_uqzwhkayyq,2
test_vjhyczenmo,2
test_bxxlebdfhn,0
test_javixfaczi,1
test_idleoiyftb,1
test_avxqtpfdem,1
test_ydflxiaraz,1
test_aunursaeqe,0
test_mombwgyyjb,1
test_ktratebttu,0
test_gnimcqvgps,2
test_zllplvjzey,1
test_znmmxoeklp,2
test_yvjmppjrxu,0
test_izjnlihjil,1
test_jvcuiunock,2
test_lrextrrxle,1
test_hudeokedmu,0
test_voawcnbdyv,2
test_eigrzhutwv,1
test_efjysbyztv,0
test_qaczbfvgbc,1
test_bhywopohtz,0
test_fvpidljemm,1
test_yphyesmxws,1
test_vmeqxrimon,1
test_ygtuvpdpos,0
test_gyeboqytmu,2
test_yeolxirqum,0
test_guqulhlsjb,0
test_ehjzgllkxx,2
test_gjuavqtsgo,0
test_ghaenjjqfu,2
test_kjbzhmesff,0
test_ahauvtfhhe,0
test_pmpnxrlkjq,1
test_shqntscusi,0
test_hwcopnsdvl,1
test_jwhoknfqyg,2
test_haenoyrctb,0
test_natuqagdku,2
test_psqmefkjzj,1
test_nblrlplhiw,0
test_mmyxbbnias,2
test_xitcvutuxu,0
test_vgjvbenumi,2
test_cykbihvfor,1
test_pkngqvyopo,1
test_duexwfbkye,2
test_qummjzpvek,2
test_ijuqebuovs,1
test_qrtkvkpzno,0
test_kkacxekotq,0
test_rozzghbhwa,1
test_vtjugqdlwk,1
test_dufcemzukj,0
test_inuulmdiel,1
test_wkjtgpmmsn,1
test_dwbamuswue,1
test_atcubdeasz,1
test_atlprqduib,0
test_fzoljskyab,1
test_gslicrridv,1
test_xscpbsebcj,0
test_uxyttuifnq,2
test_pbpvmywhjn,1
test_inrbtulvan,0
test_isrdcyqnjw,0
test_twonfviwrq,1
test_kvzhofqhih,0
test_lhxrmpuwfn,1
test_ydthfbgipg,0
test_pkfeiuwtwc,2
test_opsvhzggex,2
test_hmclrjvxxn,2
test_dyaredyxuq,0
test_vlsceowgxi,2
test_iuwvczryje,0
test_ewwateoipz,0
test_kiovjdetda,0
test_onwwqawjgv,1
test_wldvdchzus,0
test_vvnkrkgapm,0
test_szyebyidjx,1
test_lhwtrqlrjg,2
test_bitqjnsfis,0
test_jrdwzogjmu,1
test_rvhkyilvkx,1
test_cpmdumxfrl,1
test_puyrhpsduy,0
test_trcqupqcpi,2
test_wzmddtcawz,0
test_puvckdfali,1
test_dwwfnfffik,0
test_boacpdudlu,0
test_zkfyfzupaq,0
test_uhbbxjopfb,2
test_nabcvbubut,0
test_qdoyljbhhh,1
test_fuwyrfsjue,1
test_jofkcregqs,0
test_crxeukysat,2
test_pnjjaoshqo,2
test_bqlcdhhdgh,0
test_pihnepfcqx,1
test_hajkyqwcoe,0
test_hxlzwychwn,1
test_eewqpjakef,1
test_yrvkikezlp,0
test_sdyntslwqd,2
test_fvfnxazngm,1
test_slumsgvcen,0
test_dylzskuhdz,1
test_omnigqohqx,1
test_stbecyqktf,2
test_rbngglutaf,2
test_rvlsgpcrbb,1
test_bptlyxhcou,0
test_orjfjzvyym,2
test_hnrzravswz,0
test_alojyxahhx,2
test_sdogdczneo,2
test_foqoqhtprn,1
test_oxebdnfbkg,1
test_ujvllhqfgs,2
test_rrqtyjylro,0
test_mjzymdjsjb,0
test_plqlrhobgg,2
test_ahlqzvfmsk,2
test_jvjddoipix,2
test_zuuucatwzi,0
test_lmirzpskcb,1
test_dkdwepmgqc,0
test_jdfbznnqzk,0
test_rfyuibybfh,1
test_fwmnysaduw,2
test_wxsdplzseh,0
test_pjhvtjeqaf,0
test_zdebubephy,1
test_kmemoiotvq,2
test_qvrhoablbk,1
test_hikbcjmxwo,1
test_ftgxjgaayl,0
test_tymjttxibm,0
test_yhkgtwpxpw,0
test_sgwysocnva,0
test_htukoeqfvg,0
test_bdgkyzqocd,1
test_lblwtqtdyr,1
test_ingqqutryi,1
test_fcrolbfakq,0
test_tlahlbmube,0
test_fsviviuint,1
test_eewmuhjkkx,2
test_aznndbdbzd,1
test_cknrgfyxxy,2
test_qpibiayqox,1
test_ghexlqpcmz,2
test_hcaibqwkfu,2
test_ykarnqjmvw,1
test_rfybnzarxv,2
test_fwmkbigwrj,2
test_lkvlcbcjfu,1
test_tvcpvypvyf,0
test_zpiejrycpo,1
test_dwlyqyucfn,0
test_ajgeuxsclk,1
test_tusuqclxwi,0
test_zegkqdkanq,0
test_hrtnwaktkr,0
test_kyclynucbw,0
test_kpszkzytci,2
test_bjtycnedzz,1
test_tzdtcdskgi,2
test_dwvtbamgyu,2
test_bblejxuanc,1
test_acbkdpmjut,0
test_vbisptsjah,0
test_swlneeqjas,2
test_nteqklvqmh,1
test_sdwmleeytk,0
test_lkkkfritwo,2
test_wjrisivvap,0
test_ktvwjfhesd,1
test_nmvsydfvqm,0
test_sbpoaarmxb,1
test_uewrtqkzwd,2
test_hmnabrqylg,0
test_rrqmgukdyz,1
test_bryqdabftn,1
test_dpfrfaunyh,0
test_xzdzuuwkhg,0
test_dzobbrscmg,1
test_bveantntkz,0
test_xvtnnbngqm,2
test_djhcnvsmac,0
test_tdqtfwgyba,2
test_srutlvjjai,2
test_oafyspstmt,1
test_guotnfmvue,1
test_cqzebfcwzb,2
test_ftsnjihrpk,0
test_knmhkrpued,2
test_pqozyevjev,1
test_blbqhpjyxb,2
test_etljdrcvxw,0
test_lfophcbmnq,1
test_ovymdclrjc,2
test_pkiwwdqybm,1
test_fzyifcflgc,1
test_loheiiiefe,1
test_vcvtxjayyg,2
test_rklcbhxlel,1
test_yyjblehbhn,2
test_tuesicbxck,0
test_btksinslii,2
test_ebpovtrbib,2
test_gdmetjdbyr,1
test_mhqctctvsl,2
test_yltddzsxco,1
test_neuydojnkx,2
test_npmphmgubr,2
test_jegxgwfjqe,2
test_uvzeiqzdpb,0
test_heduojqhju,1
test_pursuuubwi,1
test_izimwctzio,1
test_ibfhbwjdqy,1
test_rocxxdmslb,0
test_uqwghnrpmc,1
test_yvqonnmwxp,2
test_itjqldhlex,0
test_cexcbzehxi,0
test_omltabrrvy,0
test_taihgydczc,2
test_agbbkvblls,2
test_xfwzlzfspj,0
test_mwexzofcln,2
test_jzjdjihfhi,0
test_tqrcauswjm,2
test_ytjwaigmdi,0
test_wlffxdoxdm,1
test_wqboumuvfp,1
test_qsnclpkyyt,0
test_ywtlpzxhso,2
test_psuhyifjgu,0
test_gmamsovilv,2
test_wahoiwsmkc,2
test_ilpwtiqxyk,2
test_pctyecmyrb,2
test_gwnrvehyid,0
test_ilprmaivdu,2
test_bxyzctedog,0
test_fnbizlpqmz,0
test_wiaumtztep,1
test_hzsqpsmteb,1
test_vnngjxqngc,2
test_ocoxoeqvto,1
test_sshshokcya,2
test_lmwxkxnfxt,1
test_eicnssgber,0
test_suiuzrdzos,1
test_bybbkkvylv,0
test_sikorcbrej,0
test_jinwvzsqch,0
test_wrobmzwlfl,2
test_yqrfchdzwf,2
test_ipncpfudcc,2
test_lhuoizxnvb,2
test_tjvmbbwesg,1
test_lgqvenclep,2
test_gvzvwwsvmo,1
test_dftbnnykss,1
test_iusgxekmrq,0
test_rrzgkokfkq,2
test_yxxjepetwv,2
test_gcgyhgxjct,0
test_pdtoweahnm,2
test_kypwbstlfp,2
test_ustrqaycbp,2
test_ieaofbccni,0
test_uomdtnrfhu,1
test_gqfggzustr,1
test_zhdgdggejd,2
test_olklsscfks,0
test_nmiyxwsqol,1
test_biexmdyjlg,1
test_lnmzdfarhd,1
test_ikhmecbgbj,0
test_lyokzwfcoe,2
test_iepkuvowdw,2
test_rqjkfbnwbu,2
test_flyynrvopo,1
test_etryjsxvov,2
test_imspuypvnh,0
test_cgcudcxatf,0
test_lrkvnngkjr,1
test_rabocwtody,1
test_pdquspdpzt,0
test_gyipljflul,2
test_acznnqbrlt,1
test_dkfopijanr,0
test_pyshnibphs,2
test_ohobekypqe,1
test_ozmxqcuqsj,2
test_jfuawlbmvu,1
test_qjgtgmrsuu,0
test_bneagdxxau,0
test_qsticrbajo,2
test_bhffxalkey,1
test_yjryvzmmbr,2
test_ryzjphhdyf,1
test_ynklhfdpwn,1
test_mqqyzlpkxn,0
test_xoiulaygfs,1
test_nblburebpd,0
test_rsbkvoobjv,2
test_jcqbntbzgz,1
test_sdsjfdbmcb,2
test_qpnyvdiqgl,2
test_jvjtciayvh,1
test_ibmlefdysr,2
test_oefchpjmgy,2
test_ojmligoilm,2
test_xyzakdyztj,2
test_mjhsjiwvgv,0
test_lwfrjxaocp,0
test_dijkueedqp,1
test_hwtvjvplgr,1
test_hqivmccrqn,1
test_yawylyxkma,0
test_mejyjjkfhx,1
test_glywnfuexf,1
test_wnjqcikkai,1
test_xxhhembgcd,1
test_swbjajewxw,0
test_rkcmquinui,1
test_tyzdntacww,2
test_sraoldhizd,1
test_wzcrzwkiyn,0
test_nhlkfzctyu,1
test_tlcvuselje,1
test_mqmbiftwsx,1
test_pdfgajugpx,0
test_tffwdtlbma,1
test_wuevbargmd,1
test_rbhcretyyd,1
test_hiekcftgov,1
test_jsxlddanhy,1
test_wmkwxnsmcd,2
test_pkqkplblhx,2
test_dlqdfpmetd,2
test_fonajpbcrz,2
test_wsorbcfddy,1
test_cynxlsehyk,0
test_ghfjfxnjgu,2
test_zpwhfjvhmf,0
test_jpkfbqezbo,1
test_fmtcbmsnwo,1
test_ndlefjbdrf,0
test_rbzjfpmmic,0
test_uevnbgejjx,1
test_twqfnoppel,0
test_qpunoezwqp,2
test_upvossnoyr,0
test_gkvioizhxz,1
test_yuzzobzcod,1
test_becerdvasx,0
test_nwyxylglnq,0
test_tyskfnoezz,2
test_jtnyoacjkp,1
test_tjfpzonauy,1
test_gxhajqyrvo,0
test_uvntqgoarw,2
test_vvvbzyujdz,2
test_gacohglpuo,1
test_jqfgnzvlhr,2
test_bcatngnnns,1
test_vfbovqabtn,2
test_gawjteuqlb,0
test_vdfxjxlwfk,0
test_yggapludst,2
test_bouqeuvrlt,1
test_vzxiirzjhg,0
test_nnydcorvsq,1
test_tepxbgqjlx,0
test_rxuotsgnha,2
test_czdfxxlwjb,1
test_mgmhqojqwv,2
test_woyltlgfkf,0
test_eylcvpkxoh,1
test_ixwyxuiqqx,2
test_hmcmpihgak,1
test_rrmrviknqa,1
test_hcquyczzrr,0
test_jcmojjfime,1
test_bnyirnjpmj,2
test_msvdbjhzmv,0
test_abpvvysgnj,0
test_epewhlhkdx,1
test_xziqodlhla,2
test_bqpzbrbprb,2
test_feguqswrwk,2
test_ojyimkohoc,2
test_scfrufgwkx,2
test_ninbwvoari,0
test_focxweuifa,1
test_yfbhsasmjr,2
test_aircoxhgmm,0
test_otyxgztkwv,1
test_oprczmxfsi,1
test_rjvexpygqs,1
test_daklxfrrxv,2
test_wznrebvmut,0
test_hgsdrbeour,2
test_gvvdfmmpsz,1
test_jquuwcgsdm,1
test_yejvevpijt,2
test_hrlbcpuvzx,1
test_xqdafqtamq,2
test_lgmhxkdogl,1
test_cegrgmtwtw,1
test_mblohdsgss,1
test_kpfgrtncan,2
test_lhvvlxfxbi,1
test_keahbrexhg,1
test_hdpflmtpqh,0
test_muxrljctxw,1
test_pcojylfkyu,1
test_oilauxslsg,1
test_vwqffqqgjr,1
test_lxbzotnirj,0
test_winbfruwaa,2
test_chipeadrwz,2
test_oseqcqnufm,0
test_bfigriegbs,2
test_tdlqhmzydr,1
test_hczvurtcdc,2
test_ofwskodthj,0
test_yolgukqcak,1
test_ubrniogwcx,1
test_tkxrawbegs,1
test_laofvnpbiz,0
test_rdefeqeeja,2
test_fnfptlvidx,0
test_sedewylomq,0
test_rgvnobotcj,1
test_htguladozc,0
test_dxfaunppau,0
test_zsurgrfsix,2
test_gvzmhikqfy,1
test_fosknjmcrb,1
test_abtfrdvqpb,0
test_ficghudwju,0
test_zpngdlfmzr,2
test_rltgwglyer,0
test_vdmnaswfpv,1
test_hdvtvempyb,2
test_xolkknazpf,1
test_xpwthjvkcv,0
test_ncybrgtldv,2
test_yqpwnbfhyz,1
test_jfsfygkvke,0
test_quofrwpuov,0
test_jlsvbbjvlr,1
test_wfugtuemdi,0
test_bgeppatwvc,0
test_hmxnluqwsu,2
test_bqkvmmquxr,2
test_rkgdmefdsm,1
test_zndjmefovs,0
test_djmggvktbt,1
test_bnskqdfffs,0
test_qkgikqstlz,0
test_rbbjwtxsmt,0
test_toyqmeaggq,1
test_ybaujkrbih,0
test_prforeorch,1
test_qtpfqbfdbp,1
test_frghxdqgox,2
test_lbgulpqoog,0
test_ciwgvsjnby,1
test_kobzcpeica,0
test_odzuipzurf,1
test_wpnmhyaaqh,1
test_waiuxfymlp,2
test_jvygyjmpeu,1
test_letfjuhjyj,2
test_lblbcxpqpa,0
test_dmdzshdnfn,0
test_vpgsiaqain,2
test_kjhittcaxb,2
test_ahvdgiewjy,0
test_cqizevbqjo,1
test_fsvqpjotxn,0
test_xmccvoqyal,2
test_gcztlqbszu,2
test_gxkccntppr,2
test_qotzvilmoc,0
test_wvmribwcbg,2
test_urxjvhbvvz,0
test_rjkkrrzygt,0
test_yscsbipanv,0
test_shorstqvsv,1
test_ndawqeyats,0
test_kefutynenz,1
test_ezcfjffvdm,2
test_rhkgwpmypm,1
test_vnyupqxxza,1
test_inamwgwbyz,0
test_fvrruomcfc,0
test_wmzzbpobgi,0
test_zcbzojvwln,2
test_ibubvlcabn,0
test_xxgbwmvxko,1
test_mwxyocovbm,1
test_hszcfxigof,2
test_ofufiabcqn,0
test_vekpekziwk,1
test_emobhwuavb,2
test_mgtshmzrux,0
test_vvdljzksuv,0
test_pbpujnxlze,0
test_lgqeacycaq,0
test_tcaxtqxnth,2
test_rdilfkijww,0
test_lgxyfjrgbl,2
test_rmuwfnssvl,1
test_zqoxoxfocs,0
test_jpmscvvnze,0
test_qqoztijdcb,2
test_afwucycoeb,1
test_fsxejaiupy,2
test_olivkliday,1
test_twauvinczc,2
test_hgcjmjbdyr,2
test_ugxxtxhpul,2
test_prxbibjlss,1
test_ojwsmyyyps,1
test_clubimlwty,2
test_psphzsqmrz,2
test_hdhgaduxph,0
test_zzwpahmuhm,0
test_aecwbncejs,2
test_lhhhevofrp,1
test_pazcrltxvn,0
test_fpvrhpjejf,1
test_tkptbyvxhq,0
test_vfahuoedtc,0
test_aketjqchsf,1
test_xnhextrtas,1
test_afuesswfva,2
test_afgbmofcvk,0
test_ofbnlwxeys,1
test_rgrgwoibru,1
test_ivnjrxsyqi,0
test_eyjypqyrdc,0
test_cleucywbov,1
test_iingdghkbg,0
test_ffkwoacocc,0
test_rvtxxnoaej,2
test_ptmnrlhheh,2
test_twtuilnebm,0
test_vnunrjofjy,1
test_qvtbgpilih,1
test_vhzbjyczuj,0
test_gljaejixun,1
test_dswbcmlfiy,2
test_idsjcqbwfg,1
test_hpwvtbxzai,1
test_kqarxnljdm,1
test_qzilvmazrb,2
test_teqgdjlkml,2
test_ificsikywv,1
test_zgtykwaylk,2
test_gibdxzhark,2
test_ttlsgavpqx,0
test_fvycgoeahb,2
test_rnykwghmzw,2
test_exnbkalvrb,2
test_veavsdqlst,0
test_fxthvdchfi,1
test_uwaodaauhn,1
test_uicqfiwgsw,0
test_ejmadevozn,0
test_djsvgqcegq,1
test_pondhfwazp,2
test_cqcdzqklct,1
test_unpysgpbre,2
test_mpobawxfwx,1
test_mmxvrwpaxc,0
test_jwejwgjyah,0
test_jyuoowukmu,0
test_gcuiswzkoa,2
test_bzlxneouhr,2
test_pcopzbequo,2
test_ilqtujyatf,0
test_nmbycheuei,1
test_wgybsqcmdt,2
test_cqmmxuodsf,1
test_uruiamqjkq,0
test_njjyrxfbpi,0
test_drehhurepr,0
test_uayhcfvnis,0
test_sogjkygvgh,1
test_bhjbeujogr,2
test_kfjktcxaks,1
test_wjidiwmcfp,2
test_gwptfgaijk,2
test_fawraebvsa,1
test_zicajrlvhx,0
test_blajuidakq,0
test_ickmjqgxnb,2
test_uxmjuibmva,1
test_yojsbpxbet,0
test_zbmixcaskx,2
test_frxedysgiv,2
test_ycbcrazyrv,2
test_nsmpyaznog,1
test_txiqilixnt,0
test_bcwfhxpncw,2
test_nbptldhzkz,1
test_gomlwmqbln,2
test_wkmpyavgve,1
test_rwmjvfsxzt,2
test_dfeklqjmup,2
test_tanwzbmrzi,0
test_kkypervaeq,1
test_ricdgqxwbp,2
test_yowblisjdz,2
test_ywqoksotgh,1
test_jlpuvxvhtx,0
test_iboiiydkxi,1
test_izzvdhsrtg,1
test_yprybjcumf,1
test_vbnaelxudk,1
test_qwmqwzwjxj,1
test_preifrtqxr,2
test_pdzujrgcyv,2
test_sppahjihtw,2
test_pztctdvzoe,2
test_kuhamvchli,1
test_pdhcnikqwg,2
test_muptpbnaqb,1
test_rfdiuldtke,2
test_msrmseqbdb,0
test_qqejvnlnis,0
test_slnrxgciyo,1
test_yduralqokg,1
test_bmjwqzcpwc,0
test_cjumfpxbsz,0
test_kkvbrtjhub,0
test_tqqothoxkv,0
test_awnvwrwhyz,2
test_mnazaywqbq,0
test_jlvnqkksbm,1
test_mkxlajzmzb,2
test_qhapsjrsbl,0
test_qithbrdxdg,0
test_jagigywavw,0
test_ysszckmtzp,1
test_btvubzboxy,1
test_pyyyjrypnj,0
test_oatczjlkoy,2
test_dlzbflzkxt,0
test_kyhpudahob,0
test_fxtrkhoxmc,1
test_jnupuqhcfe,0
test_szhrazbbui,0
test_puzyseeigx,0
test_cjnzrpfiqs,2
test_qnzxoqirnt,0
test_ktwmtllssv,1
test_ofokyerkht,2
test_racgwylvuw,0
test_zuwfdedgpl,0
test_eyvfgntjpi,1
test_mnzkwzcvmw,2
test_ylmywoqeaa,2
test_beogrkgbaj,1
test_orxyqekypn,0
test_ivnsywicaf,1
test_kxrbgajlai,2
test_kfotpnqtbk,1
test_lilznydrid,2
test_gahxcwugrd,1
test_gscgjqrvac,0
test_yiuohaqmfa,2
test_dhyzuvgztd,2
test_cajmehtltt,2
test_rkmyojhxxw,0
test_dsklgcascf,1
test_hzmcslaorm,1
test_vlmzvbusfg,0
test_whudanbfed,2
test_qxjbtgppiw,2
test_lcoxmcvxsl,0
test_hzywrldmia,2
test_pahzlzmqjn,0
test_wgxyjbdjze,1
test_bxilxlqhdy,0
test_sizymmqpsk,1
test_mjwdvienej,0
test_ysrhlkyklj,2
test_kqflaanzqj,1
test_uuxoqrsdow,0
test_talnnwqnla,2
test_fqkrnrdegt,2
test_wmwyrflpmi,0
test_bkxhrnawig,1
test_gtwejqpmed,2
test_qsrassyqks,0
test_eedertcblx,1
test_wtftqrybam,0
test_djwswjuafi,2
test_ogxeudjbvk,0
test_fuueqhfwpr,1
test_lgrpeivhge,2
test_ayaosjfolu,1
test_sabbeheref,1
test_bampkzybth,0
test_ycfxgtkuwy,0
test_ldvvlrtqop,0
test_vpmxvfqhyu,2
test_olcqqdgutu,2
test_hkowtitrku,1
test_ewioslbijy,1
test_wmxzqylnbn,0
test_otouassboo,2
test_zduvlwhdkr,0
test_qoaroxhdqz,2
test_jogmgynyft,0
test_leftnyygbj,2
test_wpvkjvpgom,2
test_iyjaushfsm,2
test_ecrbujefzz,1
test_yfrdjvkiwm,2
test_gkhdjrvoak,2
test_lwerdcmkpe,1
test_pvwjqamdur,1
test_snkwduocsr,0
test_saqsljexma,0
test_xxuadyyutu,0
test_gmypxhrniu,1
test_dbvdytcvco,2
test_dvtzpvohgx,1
test_ycumnypsfk,2
test_guqrptcdgs,2
test_vmdrbuglmo,0
test_sqfysaayqz,1
test_yaylkpvcyp,2
test_agvifrxcmw,2
test_cbtepxvify,0
test_fvryvshnsp,2
test_fbdmdsvyoe,2
test_iytlydzrwr,0
test_rxxfcotlyb,2
test_rsooaxgqtn,1
test_zcaiucetbh,2
test_uhanxkgypq,1
test_wgajjehvgr,1
test_chasyuomnp,2
test_prqzwpcync,0
test_ntuewlerfb,1
test_adqjippzqq,0
test_tsqqkflqog,1
test_xkngsmpcev,2
test_mtgtfkeunw,0
test_hqlhbbqlcl,1
test_sdyzjlsskw,2
test_ydygjyigsw,1
test_azqciqgfah,1
test_anwgdpvwsx,1
test_xpkrrwtajk,2
test_gmrckotksx,2
test_dabdzxekuz,1
test_xhrytzyfsu,1
test_zgmzwvbkyk,2
test_hyamocbbis,1
test_yvwksplncz,2
test_oxlwdyadbv,0
test_zzpucyvbcq,2
test_uyvqxadomo,1
test_fivuopzike,0
test_vepuzmlkmm,0
test_hzswydrjly,1
test_fbeyeheflg,0
test_jmwogvxswy,1
test_supcysehea,1
test_pifdejvuzp,2
test_lvbyhlqbpy,1
test_iwcttutuza,0
test_nwvexreekq,1
test_tayxtlklyu,2
test_splbrhgfuc,0
test_rxfytyoefe,1
test_psopkildbe,2
test_falbpmfarz,0
test_elfdeyuusf,0
test_kebdnanvzd,2
test_finjbfbscp,0
test_ttnifwfmwk,2
test_swfheuzpgx,0
test_yoixxmtwej,1
test_gpriscavtl,1
test_emzfcureob,1
test_ddmktlraxw,0
test_atyqbsqxkw,0
test_nyeminxskh,2
test_wxqiyithwp,1
test_fwixrmextq,2
test_yxgndmumcu,2
test_akipnaucod,2
test_istcxlxmjx,1
test_mflemvxmrd,0
test_btvchddexi,0
test_omognbmwep,2
test_xncbredmth,2
test_pgxzpjsvyg,1
test_kocauuafwp,0
test_hphrlzhjew,1
test_gcsavohwpm,1
test_ejjkqyidsx,2
test_idkjztgcxl,0
test_cajrzkolle,0
test_srpcicnwsu,2
test_athninmkqj,0
test_fiwwmdhisf,0
test_xpgsorkjtt,2
test_hjxgayfmpj,0
test_zhnclaiijo,1
test_ovpmqpfmlm,0
test_jwbmlvojqg,1
test_hmgbdnxvdm,0
test_ysxbcuaycw,0
test_fmwubdiosm,2
test_pnkpwukwsb,2
test_kphikgwaqf,2
test_rjerqjbbgx,2
test_wxfgnmvozh,2
test_tyhpimeyft,2
test_jqdjaebbsb,1
test_qulgwgvtjd,1
test_jylcubhlju,0
test_rrnzziogso,0
test_hrnsqpwhrz,0
test_jcftjauxom,0
test_fnheunnrcz,2
test_rvwogqruri,2
test_nftmytmsiw,1
test_skgmboqxum,0
test_tkqbrcfnjf,0
test_reyqvjdigu,2
test_zrrkvhqubf,2
test_isxosfnxrx,0
test_vwiflpsaum,1
test_udwphurgem,2
test_rtaoqrbgbn,2
test_iwregdapic,2
test_raghbuzetj,2
test_rbmhqyljaq,0
test_dbyvzcbilv,1
test_hkjrunvfca,1
test_hglkofslxz,2
test_banjailyrq,2
test_cuctiuueze,1
test_ekisimkvja,0
test_idywhzvjyq,1
test_ohqoqhkgta,0
test_mortsxxjey,2
test_eyfjenhdvb,0
test_tcrgimanvs,0
test_vyzypdlyqx,1
test_bhhtauehqd,2
test_icmjnvnepp,2
test_tijykwrlgl,2
test_laiayxaqwk,0
test_hkwjazvykr,0
test_tdmgtxbeus,1
test_ayughfqxsu,2
test_jdaiktjwww,1
test_upusomgbkk,1
test_rcfdbecytv,1
test_gderswpwhp,0
test_vhrnwgbgmo,1
test_oxodsgxbcv,2
test_tkgmfqgcqm,0
test_xvoqpfvbkm,1
test_jexudffqsb,1
test_kanchscczt,1
test_hjlgpkegey,1
test_prrthzliup,0
test_uxhhrcjduj,0
test_jtmoocnwuc,2
test_xdztrjtzka,2
test_yuuretidua,2
test_vguqrsbzsi,2
test_rzousrjplv,2
test_pxcevrfybj,2
test_yualkrbhvj,0
test_dvfwbrskld,1
test_ycjjvbqelp,2
test_chfkeijtfk,1
test_nxnulconma,2
test_uutngcuhhn,0
test_fuyzpauhfe,0
test_hdwipilvqw,2
test_pbdvrvelbo,2
test_vjcfflryno,0
test_uqxcqtdhkf,1
test_jajbbyozye,2
test_ysajhthjnw,2
test_nzljuohtwi,1
test_amwypmnaiq,2
test_txstiyddro,1
test_mcpffaejgg,1
test_rfntvisxuq,0
test_skedyjhzvy,0
test_qbrknjpmde,1
test_ocethzqbxb,0
test_wsiqwtpvig,1
test_xsifnppkcc,1
test_lfnjophooe,2
test_dixghygqxy,1
test_hrokiujqvp,1
test_mwsxuqufac,1
test_qphygmotim,1
test_uzgjfluune,1
test_llwurouggz,1
test_rmzghmibop,0
test_ivhdzondhc,0
test_hlyaebttut,2
test_natpreblff,2
test_ofbytmejgs,0
test_otimfczsvg,2
test_oefnitynxx,2
test_aebhilokwn,1
test_qbvgjqbryy,2
test_xjogugzvbd,1
test_mamwcoxmos,1
test_cipgwncquj,1
test_fwfdadctof,2
test_rpwrckokvi,1
test_ptqtnjkdmd,1
test_ymhwnabmkz,1
test_nauodwhuql,2
test_oryxsvfzyn,1
test_tjtazpjcqm,0
test_pktdhwjgjw,1
test_uxwhsonfph,1
test_brrznmjoig,2
test_rypxcgbktk,1
test_ilyljsydbb,1
test_pvzpkiewud,2
test_kgrfhjxakq,0
test_zdjgjebltk,0
test_grtuaywquy,1
test_grxbcctvxz,1
test_irorfomllg,1
test_exwvypqcfi,1
test_ifxlxacuqp,0
test_skbygbhqxg,1
test_xcfrmugqvx,2
test_wadtndbyhg,0
test_orhbxfnrfv,2
test_wtkdntzhcw,0
test_ifoqldtckl,2
test_fkgsadycvh,1
test_ldplsdfocs,2
test_gjtlncibhx,2
test_wajaocwjmo,2
test_fpykatejzp,2
test_nwyynduziv,2
test_yinhvbspur,0
test_azqgivsngw,0
test_euosruhegt,2
test_otfxmnrzzc,2
test_cxjcvkkgnx,2
test_mmxreldabh,1
test_yiobyztkao,1
test_nlgyeazzpb,0
test_obchpqxugh,1
test_jmdybpxbox,1
test_dnezvyvtyk,0
test_zjrsqbdxcq,1
test_yacgeeadyd,2
test_plkxmzrefq,1
test_yyvafqhwhv,0
test_xwbwllsmbg,2
test_loispgiazp,0
test_tpigozrrnj,1
test_bdjkrtilzr,1
test_wswtnuonhz,0
test_meakarlctn,2
test_xkyzqkoebk,2
test_mngdbnhdrf,1
test_ujosbcgkmv,2
test_fywnsasfii,2
test_cgkjdnjriu,2
test_pvmjptsmkx,1
test_skuovfkuyi,0
test_zmsqsolxmh,0
test_ykqgkoutjw,1
test_dvtewvcyjv,1
test_dcdejhmxuo,1
test_fwhiremhwh,2
test_jmbzzyevhd,2
test_sgzikokhfb,2
test_bqhazeftdy,2
test_peuztfmtfh,1
test_tmraereled,1
test_jolouvwqsb,2
test_oesdlnedhl,2
test_utzmciypef,0
test_ftwrawnssg,0
test_xpegspyvwn,0
test_xjycrduyal,2
test_qlohljqjbl,1
test_lhdrebjzva,1
test_eueoqudeiw,0
test_rigdrdprqk,1
test_djmzydjsrq,2
test_giiychgemc,1
test_vkosqbjcbw,2
test_mefdcrhxca,1
test_wybpmzzbur,0
test_cdupxqxdat,0
test_xgcgjitwag,0
test_hpqxxrzhnx,2
test_wygvlckotp,1
test_qcnloaghax,2
test_dyaoczwebq,1
test_cnrlmavnsd,0
test_vtmubuqduv,0
test_qevoyhesvu,2
test_xznebgwvvj,0
test_ovuxmihxjh,2
test_lwvhniwzyu,1
test_laryynluzo,0
test_foerblqnhf,1
test_wzfbktopbl,0
test_cahhguluox,0
test_slmerhqeew,0
test_zzsdftspfv,1
test_shxbmcgnjc,1
test_sysmqnsnxz,0
test_tsmjlcpybd,2
test_lmtfothaap,0
test_yfxmfeafou,2
test_wwoxdixcdv,1
test_ytwyzeguzz,1
test_mztoaazudd,1
test_jegdupqate,0
test_sabwvqnltz,2
test_yhnbgzrxxa,1
test_ufsrqyqeqg,1
test_qjewmayecc,0
test_aoxzcchfod,1
test_jwnoqtgrog,1
test_fmtzjuucqv,0
test_wqfokkxtvx,1
test_gxmghmhvcz,0
test_bxbbgmfyum,2
test_njwgruruxi,0
test_bqomtnmjwt,1
test_lwcxavylqx,1
test_rkghjnqiai,0
test_myfkxyixyv,1
test_vkgiejsrhv,2
test_nkzsapamkp,1
test_zcvjiwsbga,0
test_fccnflhumq,2
test_klpgejbwlx,2
test_qkylpzxcjc,1
test_uqlvhpvbfx,1
test_abmrnavpky,0
test_fmzvwsprvz,2
test_qfhzfkrqlz,1
test_iyiserdehe,1
test_hpjhpheeqo,2
test_fuxslixduf,2
test_bmkpzaeeok,1
test_sulujqqrpa,2
test_mgwmcatsfo,1
test_dnqlvmvatn,0
test_jqagckulfa,1
test_ubkkdczhvf,2
test_jbhdcgvynt,2
test_omdxxsoygi,2
test_uihgkmmiuy,1
test_zgqwfrjzqn,0
test_mxwwubhhcf,1
test_pslcitryqj,0
test_wvbpgclwld,1
test_qnurjlnkqa,2
test_kcpjxvwnco,0
test_mogzvikdeq,2
test_jxxzssejeu,1
test_hopafnvlhv,1
test_qzvbcjunkb,0
test_qyythlcasw,2
test_uzhgounipp,1
test_sojioqsnas,0
test_otxbmndyrg,1
test_ubllbnjogh,1
test_eexrztqkoz,0
test_oizauotrqr,0
test_jbzxkfnvym,1
test_bfentvfgdx,0
test_bblvkpgmne,2
test_lrsyariwjd,0
test_xtbszalihb,0
test_vuikbearcc,2
test_puhvcmrpxq,2
test_tsegitrbmf,2
test_dhigyhbkqy,0
test_famhclkyre,2
test_arelbvwrut,1
test_awqxubajkt,2
test_pyzqnwgzew,2
test_bqvikbilpt,0
test_fiymaamebj,2
test_bnmmdxjnrz,0
test_macrrxilgh,2
test_xcnqwfxxxk,0
test_hztgpuxulk,1
test_fqxpbqhluy,1
test_clftyqwrct,0
test_jawseroimq,0
test_icagljrttt,1
test_fowzuguowy,1
test_ofmnsxcxaw,2
test_socgmrxmrk,1
test_zxchwostsg,0
test_fuzilqeept,0
test_vhdqzpubet,0
test_nvwyigvilv,1
test_fivrevhuyc,1
test_dcanglthpm,0
test_qjsbmnrtke,2
test_uhxtfcymkz,0
test_wlnerdgztp,1
test_lxtpfgiyfq,2
test_bxczqcodem,0
test_ptfobwyncx,0
test_uqazwasrip,0
test_kewkmniraw,2
test_wnqsqzvofs,1
test_nethekfsnt,2
test_cpllnmpsyr,1
test_ebtzxfdbwn,0
test_jajknyeobx,2
test_blemscassr,1
test_jdujvjqudt,2
test_fexvnfwptx,0
test_jpurcjylhy,0
test_ubmtdjeaen,2
test_aihldpweqf,2
test_crpbqvihqm,1
test_czfekosulj,1
test_txhmnozkqr,1
test_qqssfdurrk,1
test_xubtbtdink,1
test_idkncugfcg,0
test_vzdxfqbfhe,2
test_iikvkcgogb,2
test_ufecvlfamh,1
test_vgprhvcmmq,1
test_ylgbqmwiqs,1
test_ihfituogfn,0
test_drsyybnmzm,1
test_pzjuaaujqd,1
test_yjezockwmj,2
test_latmedieym,0
test_numwrflcqw,1
test_eqtjrvajob,1
test_ttlsqwtjla,2
test_slrpuntmac,1
test_nyvxiavsen,1
test_qqdwoqogyv,1
test_nkfyosyfra,1
test_pzrloxywnz,0
test_lllnauhpuj,2
test_padpqcpvit,1
test_kzgowlygxr,2
test_ycxuwzhity,1
test_efbymcmlah,0
test_hjrlfjfzgj,0
test_bzoewafpab,1
test_ymjhimdzer,0
test_smtjabbmsd,2
test_ntjpbqbazk,0
test_pfknsjmhpb,1
test_tiwscutacq,2
test_pshjgqbfhk,0
test_cerfbnhrlu,1
test_bsqwzvugcc,0
test_eqbhhgefax,0
test_ckxxqoygua,2
test_masrmdabpb,0
test_fdrmwiucvn,1
test_sxnmwilmwl,0
test_etykhhdtby,0
test_jqogivsczx,1
test_yebmymroji,0
test_emrcptabpd,2
test_esjbnvrgaw,2
test_vvrbomnhck,1
test_uvjvxzwmet,2
test_oltfqumcdd,0
test_qaakwxezck,2
test_ctrvgwjerb,1
test_dqyrjaqjff,0
test_oueygigcos,2
test_zdhbjwcuka,1
test_dftillqbnq,1
test_fjqcbwvxtw,1
test_dakluqnuqb,1
test_usbalkotlc,1
test_rmkzqchbbr,0
test_fdwnrnfjbz,1
test_djyahvgodj,0
test_lfujdpaipk,2
test_jnsdeznfcs,0
test_etuclkgflj,0
test_bxxifxbihz,1
test_mfvrhdwcqf,0
test_dkxkniuegm,1
test_kcqqhnceuf,0
test_hnpabhmllk,0
test_ljfxvecxgy,1
test_vqhubombyk,0
test_gzdrumxclx,1
test_pygqvlppvm,1
test_ztucsphgvo,1
test_mlwybxkwds,1
test_thquuizbyv,2
test_ojojudscwa,1
test_mngqptsilo,0
test_uluzwgdrzp,2
test_mnxzdwmetv,0
test_cjktuwlusd,2
test_oegmftzaqj,0
test_rsquqgujev,0
test_fubjkpiueu,0
test_jhlxuwktmn,1
test_sfgzdfvcbn,1
test_catiudjdky,1
test_ranjyjgezh,2
test_xaffkmlgrz,1
test_tvokzpawek,0
test_cabjwqjevq,2
test_pvkwdsuumg,1
test_zcjjmnqnyo,1
test_dlrvaatnhq,2
test_zizzpmwvhw,2
test_msbcenhisn,1
test_zwpkaxadgl,0
test_gtusqvadzc,2
test_gfkbpqllkd,0
test_eyxorugvvx,2
test_mxwzumsuhx,2
test_zyflldnwor,1
test_eofdhwxnjy,2
test_zulmvpvthg,0
test_wiobrpkllz,0
test_aeogfwzndm,2
test_kxzmudcyde,1
test_xwfvgpktuv,1
test_klusfzucsh,2
test_edcukhbzwg,0
test_jxnrqjzagt,1
test_qtxbehokcl,1
test_ennpcdooxx,1
test_xcbxfvbbcl,1
test_xnongawasa,0
test_vcyboqedhe,1
test_lxfbbiqrrt,1
test_nkbivnzjgr,2
test_gxnuvzatus,1
test_iwtkrkelrp,2
test_qvzthfjkvb,0
test_glaqjmlmxl,2
test_ndypnlebuy,0
test_kebmpzceec,0
test_yelpmrerjl,1
test_gyknvqjovb,2
test_yzqadjssgp,2
test_bnqstguhjf,2
test_fmhplnznaa,1
test_zvzjdjhbge,2
test_hrobjllywk,1
test_mcxpzdjgct,0
test_omysevitdo,1
test_qwjhczzzgq,1
test_dvfbskhsln,1
test_walovnyaxo,0
test_exbukdhysd,2
test_xrytdtiord,1
test_gxbcerycdx,1
test_qyezgygram,0
test_rplrnahpmh,1
test_ralwknyscy,1
test_pljoetegal,2
test_bnpcdwtlkc,2
test_rgcyuzyvxn,0
test_hamtxkzocd,1
test_lewamryabj,2
test_oeygwxeqps,2
test_vikqsdyran,1
test_lzibmxujth,1
test_mocglnincx,2
test_lcvfoptttf,2
test_oxotsucpwc,1
test_ynulzvrytv,1
test_sfkvovdrnq,1
test_qyjdeabyrp,2
test_kpmpwrregx,1
test_kdfygofdmh,1
test_xxtbmxyift,1
test_jxywlhdeie,1
test_sijpkihabg,2
test_miffocxaha,1
test_kfsdqvmosf,0
test_kpczxznpik,0
test_gmukjeliid,1
test_hxmquisblc,2
test_xjpoijyyjz,0
test_wrjxvwbifo,1
test_nmsrpsrffk,0
test_kfeueybnzs,0
test_vispljdtwd,2
test_vukjigwcgd,1
test_tbnsysvswp,1
test_vhvvydkygo,2
test_bwbzfhtndl,0
test_mnwswogwtr,1
test_rsdxdseljh,2
test_ralonokvqo,0
test_moirwfqawu,0
test_ytskborbpj,2
test_tijlrgjpqd,0
test_cyhpgoirox,2
test_pqvpdygxyn,2
test_exoehsappf,2
test_tuhkzlsxhq,0
test_vjuxlonbor,1
test_igpywawrxn,2
test_mlydvmiugq,0
test_skqfxkmacp,1
test_cwlyhgvpwe,2
test_txuvmohdyq,0
test_ibtcyjolsx,0
test_vybdujnldh,1
test_kgblvousmt,1
test_ooweklxkks,0
test_jmqyeiwmjm,0
test_ayoiceqopb,0
test_bbjvtwznuw,0
test_yrckvfnrlt,1
test_qtszekppda,0
test_zbazotrmrw,0
test_oazvclxwqp,2
test_enisrsphgg,2
test_keyberefsm,0
test_efdwrxgvod,1
test_nvkwpihmzl,2
test_jenshwjkdd,2
test_zwqnjuchjm,2
test_hrzevqpnxa,0
test_ebztnvnfmm,2
test_htfiawiypk,2
test_flpmjoyxqj,0
test_lylfoafwkj,1
test_ccxcdkntob,0
test_ylzbiuitag,0
test_dkjgxtvftl,1
test_lutppcvqel,1
test_nuiaarqahm,2
test_jejuaysexb,1
test_mtvwzlmata,0
test_zgqrfhdgrh,2
test_ccdjomeeio,2
test_tkadohujza,1
test_axopegqddn,1
test_mkmfcapwwl,1
test_teexzxtyzk,1
test_vspqfgeldy,2
test_wbwbqrdxue,1
test_vdlfsxtkiw,1
test_vqpzanwmza,2
test_afmkkbverd,1
test_wtsyiyulhd,1
test_nukurstibz,0
test_fojmldwspz,0
test_dncsnxmnoc,0
test_exqwieujcv,1
test_tfehlahpnu,1
test_rnllljascn,1
test_vbgduxxgnk,2
test_sezdtuopcw,2
test_lnfjekranv,2
test_rutplcxrok,0
test_txwqhuyxvn,2
test_zydsjmeogb,2
test_xoyyyfadck,0
test_zvfnoehuht,1
test_stbodlheyg,2
test_bjpbvoioip,2
test_mpokxafsxw,0
test_mxvqsxdtiw,1
test_othuhuvbyx,1
test_ykowiuzddg,2
test_spmdbgpxub,0
test_mwriqymuhq,1
test_hlddzjayoo,1
test_wnfjsksenp,1
test_qvfptmoxsn,2
test_dlrvqwkaio,2
test_jedrleohsu,2
test_xwqozgnuvy,0
test_vdkdfyoxgj,2
test_nmceeruuux,1
test_umimgiczlr,2
test_ycbjcruiaq,0
test_vwxdonzspa,2
test_spgqnqlmev,1
test_vvbudspizy,1
test_djtpildzdr,2
test_mhsfrsulxc,0
test_fkvccltjsb,0
test_ccxttdkzkr,2
test_kwqazxqgni,0
test_chfsccbbcn,2
test_xbuptpgmjf,0
test_pssiwaskbv,0
test_cagddhnmxl,2
test_jhparymojx,2
test_dryitihmjg,0
test_uzadldnehj,2
test_aupmimdjmo,2
test_ndprttlgot,1
test_lsmqojhkoa,1
test_geysycmbko,1
test_jyrldssvcd,1
test_zxkzhjghzi,2
test_qlijyglykm,1
test_gsqndcfhvb,1
test_lsfrdiigtp,0
test_wkzjszvdud,1
test_jdezcjayrs,2
test_vliqexafyy,2
test_zeecyhafnj,2
test_ideysrsipq,0
test_yyoobutssw,1
test_ntlmavepzn,0
test_lcuxnryikr,1
test_kcknzhjmti,0
test_nsygorwmhz,1
test_dnlzfeqxsl,2
test_clwxxitrto,2
test_lwbeidifkz,1
test_eykbfqqeed,2
test_naykfcrajl,1
test_bksqlqwbyp,1
test_xzueqojzdz,1
test_zjpsnihmyi,2
test_tqwkdguebh,2
test_lowegwimlb,0
test_ungqurovnc,2
test_wqjynkfaul,2
test_pozukuosso,1
test_hxusmfukyo,2
test_ipqxvairee,0
test_ynjrwobyvj,1
test_dblchbrbtf,2
test_qnxoacpqwh,1
test_pzqntargrc,2
test_daeeguesjr,0
test_yiejxubagl,0
test_kvzpvjfqpl,2
test_kquntjhwng,2
test_fsvapcotay,2
test_qsxytkifmh,1
test_tkiwfzkcmt,2
test_dugppbfepe,1
test_ggmgbhulzj,2
test_hcpmfcmawi,1
test_jqsytpcngq,0
test_lurnpjdncs,0
test_shjcdgwmah,2
test_tycltakroi,1
test_jsvweeqrfm,2
test_volmyiqzvr,0
test_pocywijolq,0
test_zmgxfieflk,0
test_fbmmohmhdx,0
test_hnxmpungpt,2
test_cgxnpoodru,1
test_bbqguqnory,1
test_mxcxosgfzj,1
test_zhklcneczo,0
test_utursexcvf,0
test_jwiirrktdt,0
test_yfqnswdhfd,2
test_yttgicxkeq,2
test_oxcfgakfek,1
test_okavibkehp,0
test_dkeqlhpgjw,2
test_vnoydmsduo,1
test_hhmjnqpcue,2
test_eqczxcjppi,0
test_dqmeacpdas,1
test_fhuffgcptc,2
test_jueadpegvc,0
test_rghnhjisff,0
test_rqanhgtykr,0
test_qiuhcbhbam,2
test_glyaxefchr,2
test_wsouzgwonp,2
test_fjltkbedjr,0
test_nwgqmnueue,2
test_zvsqrqrpuw,0
test_zsaxpefbxj,0
test_ixzrgdvneb,2
test_knadtllwkz,0
test_bplflucqen,0
test_ttocytgimq,1
test_wipesnegvq,2
test_uuslbtmqbb,0
test_dslzrtrzgs,2
test_cgirjtfder,2
test_lqfywxidlu,1
test_dmphvnkssm,1
test_iwmyborsaw,2
test_tquzplvdwy,1
test_lkoxxfopip,1
test_upebzfuxuq,2
test_cqjgezggau,2
test_ixajwfdjyr,0
test_rwxelzjfxw,2
test_kktraqebbk,2
test_vsdkrgbmgk,2
test_ljemfsuily,0
test_hcwxikiyax,2
test_mapytgebkd,1
test_bitahfpmgd,2
test_irsnckpxqo,2
test_wpfclfhnsn,0
test_qgnhbyqexf,0
test_pyngymbmzu,2
test_hwavwmmvbj,1
test_czxnrlnedn,2
test_pedrnlxfiy,0
test_iaurgxtgbs,1
test_yxyralqwif,0
test_ilbretbgbp,1
test_symlrfewva,0
test_lkdduueihs,0
test_emkxnhkdbo,0
test_zyqbiyykbw,2
test_dwcsbvaghb,2
test_uhgypfqths,1
test_sxwpwtvxiq,1
test_zwfpaigxqm,0
test_whgpmpsmcp,1
test_dnybugdkal,1
test_avshdzjndh,1
test_avagdadkoy,1
test_owlwlqgbfj,0
test_omgrfkdvbw,2
test_bjprvfgzen,2
test_dbtvnvnmpv,2
test_frzfqzwwys,2
test_lgrdmdzuae,2
test_dbzyqaloov,1
test_pbvrlkcimm,2
test_fazhuybxrh,1
test_spxskhllym,0
test_ypllrbavxt,0
test_udycghknio,0
test_ejucczfdxw,0
test_nvmwwkzykm,2
test_waowjhxzvv,1
test_yrcstvemch,1
test_clzoulzmzb,0
test_uuxdhbtpvp,0
test_hiwomavsrq,0
test_ugkvibqwgb,1
test_qpdrdvncdf,2
test_hfaringmww,0
test_raqnbciduu,2
test_mnkztfolwo,0
test_nebfmoepvw,1
test_bkudwjicxj,2
test_zghipvxhkq,0
test_ytooeppxpa,1
test_newogwutqd,0
test_bbsxnmjxxe,1
test_hfherimtyr,1
test_zrqqdfvkma,2
test_yupnxhdcza,2
test_qlgouttcva,2
test_cgpahqkebs,2
test_fsmnjlmaha,1
test_mbpqhzfcvn,0
test_sdqdqolnti,1
test_sgvbzfuihd,1
test_shwbosbbpe,2
test_eckekojkqx,2
test_lvksjwfevh,2
test_ilqwylnwgg,2
test_ciryfejpjs,1
test_uahhbdrkvg,0
test_dndjshnbtj,0
test_gwtqwmdnmf,2
test_kcmkdrxmzt,0
test_wtejcmtstm,2
test_jccgomvdqn,2
test_xfoyrzbnky,1
test_cagrwljicw,2
test_xercskggjz,1
test_nrekoiaoes,0
test_ojsznvzofw,1
test_orhcaabxdn,2
test_fcjuwqoiuf,0
test_velkweodll,2
test_xurmivmjuz,2
test_ysaedzxqmn,2
test_dfgqvtyrqc,1
test_ldfesmbgbn,0
test_mwgulwqwuq,1
test_iecdjqighy,1
test_nbvfxohwjt,2
test_wdaxmroinx,2
test_zzajonlpcr,2
test_dviqcecbyg,2
test_hcvbanstfx,1
test_jpuokrvzkh,0
test_gqyaazslpj,2
test_xzjpvcfxbk,2
test_kwybmyhzur,2
test_hpfdqoyqxe,2
test_nxgeldwhtf,0
test_zvkosmtyrm,0
test_dziehqnwes,0
test_fqlvfjukgy,0
test_uifnhehlny,1
test_himxzrhpnu,1
test_siatnfwgsx,2
test_dfgredifpy,0
test_uftodxtxif,1
test_tudaidoqic,0
test_thajdmtcss,1
test_ympaqpdwpo,1
test_xjelmzltyb,2
test_ysasuuqdye,0
test_pzbhhowvge,2
test_jkjrmevkci,0
test_cvgetoyguu,0
test_txmicxuyvy,1
test_ezkblpfkou,1
test_njosfwlwqq,0
test_qnisumlqxo,2
test_aryhtdrmky,2
test_qrrightqgl,2
test_xsaxjujluz,1
test_sjucigmsqp,2
test_mlhhzpmuvs,0
test_pycigypjdw,0
test_cheawbncwn,1
test_zuvexzlsar,2
test_pvvkcsccne,2
test_nrmajggkyo,0
test_ogqizphfhb,1
test_dhrjwlmrvt,0
test_hpdhjcqnhh,2
test_fhxwssmljd,1
test_ynatenlfds,0
test_kxjglhezbt,1
test_nwpvpdiryk,2
test_jwnhrokfiu,2
test_gilgcxhteb,1
test_outypvayzb,0
test_zbddcupamy,1
test_ipvhknmtzd,0
test_dtssxddcrb,1
test_bzkwvkcfqr,2
test_pthirdovwj,2
test_xvbzakiuaa,2
test_hzlovbpfqr,1
test_tgeugioeny,0
test_oieiidxqll,1
test_lzberhnvat,1
test_orfjhpsotf,2
test_okfjxhfwvh,2
test_osihipekkh,1
test_vhwchhjdbn,2
test_tdbqriohpk,0
test_ejkljqybim,1
test_whbcfzwbjf,1
test_yuztzraxbg,1
test_kcrgrhdhks,0
test_jnrinpiyub,0
test_veufijeyry,0
test_kodolrsucb,1
test_cszbygbugd,0
test_smiuvhsffo,0
test_tcebueavlg,2
test_npqhqokvhd,1
test_aaxbhgppur,0
test_dsrymvduet,0
test_isifrgeqkw,1
test_amnpbbvysh,2
test_whtqhwzyci,2
test_ietxvkojpx,2
test_mkmwpcprmp,2
test_augkdbwdli,1
test_xzsclvqqxk,1
test_qzbfkmqlcb,0
test_qsedtprqov,2
test_gydttacegu,0
test_obyroinosd,1
test_wgmfvgwjdd,2
test_nrabbezrli,0
test_eqtxdsidza,2
test_jhbxffbgoq,1
test_bgcnxmhohv,0
test_zyoxyrexvh,2
test_gsxvrleemb,2
test_bmzojwviur,2
test_erhhipwiok,0
test_igmgqpinvt,2
test_pdpzbxbyqd,0
test_ajjtsexbui,1
test_durzgmcofg,1
test_fsweqnlkgk,0
test_ijezclkhdp,0
test_hyfwnroxzp,2
test_orbrytmrmb,2
test_spfrqvxrve,2
test_qdwikbqoth,1
test_fpvwtfdfvx,0
test_jhunxubqgd,0
test_pcpayegxjn,1
test_zomvatlqmb,0
test_bkdmmmuelq,0
test_riohyhxwvr,1
test_zwgyuinejk,2
test_gyybtwcerb,1
test_qncakfizmr,0
test_rxoukapnkj,0
test_tzznehgbqh,0
test_ppnkapbvhr,1
test_vapsjqxief,0
test_qvelonpwci,0
test_zaelpizuyh,1
test_qvpodcllnw,2
test_jwaqygjjej,0
test_eqoxqelnbs,1
test_sakwkocqbw,0
test_hgssjjcfgt,0
test_rsqfrhayqi,2
test_clurjkblej,1
test_pvdmcuzmfi,0
test_gatzrqnwxq,0
test_kzdcwvirtj,0
test_qmngxfwavu,0
test_lomvncwumd,0
test_fszkwbtxwo,0
test_diqhzpdzem,1
test_hjpbtjztft,1
test_vszbbdnvdl,0
test_oduaobbdrz,0
test_hxqmmxvinm,0
test_aoexghckll,2
test_fajmqrguhp,1
test_ibtawfoopt,2
test_ydyvxpmhtn,1
test_gkdhnbaeez,2
test_ywuwlgzhag,1
test_obfyvneqzd,0
test_tdziepkbgo,2
test_oesrvuokxd,1
test_kwcrlldgkt,0
test_usqegmmcxr,2
test_feksdeyxeo,0
test_vxzjbvglez,1
test_qnvgytdmvs,2
test_gajhdiqymg,1
test_gfzzscbuui,2
test_kgubwtubhn,0
test_mofytdqbhw,2
test_mcezwqgfcy,0
test_artxlflqam,2
test_ibsexxofjf,0
test_cyrcxtuflg,0
test_xbwtinhjjv,0
test_ctzmpldkyx,2
test_spehndcvfo,0
test_bsqlhijrki,0
test_ytyyujrtjz,0
test_rsxehmnqau,2
test_ykzgqjngeb,2
test_sijvnmanil,0
test_rzgaqtiaeg,2
test_ljwzpeniuk,2
test_zmwjrmqxxs,1
test_mhhdjojphm,0
test_vwlgxfcsvy,1
test_xuxfsbvkwc,1
test_vjcqeaaltq,1
test_robduavhyb,1
test_nwcnmsykec,1
test_ftfqiyczbb,0
test_opcosojwkb,0
test_bdcrwicdpr,2
test_mykuzfskbl,2
test_dytbfrvmcl,0
test_aenzechrkb,2
test_ucohliekgh,0
test_hckryuegvd,2
test_mwezyotwla,1
test_kksnxkubzw,2
test_qgjsogmvlu,0
test_nfkpmawsdr,1
test_yskiylkpcq,2
test_jsfoqqqwvl,1
test_jukjvxdlxd,0
test_txpxmjxqcg,1
test_behnglhboc,0
test_wththxwplp,2
test_nkuznrzhmu,0
test_cjxzzxcixh,1
test_bzvdjukqso,1
test_rgafzxwtto,1
test_gqknhdqgec,1
test_expfzgxyvx,1
test_mclegdbmup,0
test_zrpenrgfdz,2
test_smjzyhgwio,1
test_cfhzmtmfto,2
test_alofbbmvkf,0
test_mbgunskdmx,0
test_lbyiatxktk,1
test_rjmejmewcy,1
test_fnwrtzwokg,2
test_wwasbdksgz,0
test_xenyqjzmxk,0
test_xrxagzpioq,1
test_mmfewhufls,0
test_olphdwybkv,2
test_qhpqzuthvx,2
test_onrseejlru,1
test_xljioxfcyq,2
test_hxsmkgysco,2
test_aelidccket,0
test_mjfjvybjcc,2
test_lwnyiookdj,1
test_esoxmdarsx,0
test_jnayaxhobh,0
test_vunupqpmdv,2
test_yyeppwyuqy,1
test_fdbhgcbvux,1
test_iojackkfjn,1
test_fymzugvdic,0
test_gmrqtfaytr,0
test_pxzddbvyxt,0
test_dtpmdzlhhx,2
test_ddymuidfzn,1
test_vozdyczkuq,1
test_ggzkonziqr,2
test_vfgdhgdiyq,2
test_qqhmbjzfvu,0
test_ghjdbxunpw,2
test_rtkmwfnwra,0
test_dkkgcqitst,1
test_zlsstocyhu,0
test_svigyaztaz,0
test_drzsccmhlq,2
test_zayrpdijca,1
test_qvibaxlabj,1
test_igntahcmut,2
test_bkoneuxegz,1
test_iqryuesbek,1
test_qlzkrevxet,2
test_nyexsdtnac,1
test_jvgamgewfa,2
test_xivhjwzexu,0
test_stnntjnhme,1
test_jkplgomtqi,2
test_mtgurzdour,1
test_ugkqjuvhkb,2
test_zmqzlimzgq,0
test_paaoyywmrn,2
test_yhsxkvktry,0
test_zsqjazlmhh,0
test_opactfrrtq,0
test_lksqnjermy,1
test_uoqmurktul,1
test_zbcyarnjwa,0
test_inqauthegw,0
test_xiuxpngcce,0
test_viymhmulqf,0
test_lvfvxpqbcl,1
test_oonhwcyqfd,1
test_sezxpwnclr,2
test_cgeqscodte,2
test_ckhsklyfkx,2
test_emdhsbsgzc,1
test_ajvnrrzbym,1
test_cqytjuytca,1
test_onnzxszorw,0
test_pxavxxiogf,2
test_bnmnehdekf,2
test_ifzobjbxgs,1
test_ilyfxevyqf,2
test_fpyieyxqzt,0
test_aopauztlyt,0
test_pyoungwzoo,2
test_rfgaglsxsa,0
test_jijedhdiag,1
test_idsuaisaae,1
test_txrlkjfnel,2
test_gpbspkqczc,1
test_wjzeoyjwkm,2
test_uoopkfhgky,2
test_fczvvrhwpa,0
test_bjidzvljng,2
test_qjgfoultrz,2
test_kechwjwlcg,0
test_fxhcrypeaz,2
test_jwfxzfweaa,0
test_iloszfbylf,2
test_qrweitgtmy,0
test_niftlegijl,1
test_fhsbhppsxw,1
test_llnjyyzisr,2
test_iohmvoizna,1
test_aquqmstuzf,1
test_ijwjfzrxqv,1
test_lxpiodfiah,1
test_kukeddbkby,1
test_bbnugamong,1
test_dmbsbrjuej,2
test_wuqkbzyyex,0
test_emyljugili,2
test_gtflwfqvyi,0
test_esdtwqmsxe,1
test_yzjukkavvm,0
test_pjwrzuxahq,1
test_chjiltrrlv,0
test_gdnmlwytdo,2
test_lurwamzwxv,1
test_qxwoqfjlzx,0
test_iglutdpgyn,2
test_pchdgaflnh,2
test_goebsyducz,1
test_yglxnejrhv,1
test_jqdfdzknuv,0
test_gxydrauhag,2
test_lcsvtdxtmf,1
test_jjtoffkdri,2
test_eamtottxai,1
test_qnbsvbywbd,1
test_gkkvxrgwlp,1
test_pmcwewrqnz,2
test_zllfexyqem,2
test_ryzudsfbba,1
test_hilmfxoeiz,0
test_tjuljpings,1
test_lrxqgmjsrz,2
test_httqyjpakp,1
test_tndzmtdwsc,2
test_dcskjxhmou,0
test_rdzcfpesiv,2
test_fpxzpktnlx,0
test_jjqtbuifou,1
test_omltqhmkgu,2
test_sogunbajgj,1
test_lzjvaxqzaw,0
test_zkywclrcnv,0
test_nwmoyzhkbe,2
test_urvsdokyti,2
test_ifwztakvpk,1
test_wxlopunule,0
test_aedcvszxyl,0
test_kjqhjyihfu,2
test_wkqidmancj,0
test_fmnppszgkj,2
test_ntsokfnodp,1
test_cpmoswrbqh,2
test_jpdznmxlte,0
test_dmwkxdxszh,1
test_tcuurfdplc,1
test_fkuzjvnfin,1
test_wmpaadjjtq,0
test_lsssqgwtri,1
test_xbneriblxp,2
test_bjnjdfkbuf,2
test_txfqmmbpnr,0
test_icqbdorabn,1
test_pomwrgxjcl,1
test_gubpkjdavf,0
test_tikpjkrkaw,2
test_uaogqebhxf,2
test_uabebnksir,0
test_xsbvozbavj,0
test_bjtyymedjz,0
test_zdilyiselc,0
test_vjhbihqoov,2
test_bklxuxlgcg,1
test_hzscknkzau,2
test_aqdqmmvaqu,2
test_xhmkgaigtj,1
test_uqgtvnuudf,1
test_qlhrfverof,2
test_ymatpjzngg,1
test_ggwxrcabjx,1
test_todwbrfywy,2
test_rwtucpjaqb,0
test_aefeqnqasg,1
test_vngqlumigr,2
test_ktivojwokl,0
test_smfjeuonzd,2
test_ynrniugnrt,1
test_losdggestu,1
test_bmadhwjajl,1
test_axsbmzofuo,0
test_tfuldzxxps,0
test_fkrxozfywb,2
test_vunzvlgnex,0
test_jrpxojuerb,1
test_vyfztsfhja,1
test_tbhyaxtdqp,2
test_zahtflnrqv,1
test_ndmokxywjp,0
test_hcvbexnbxc,0
test_abqbabiwib,0
test_qhmngshefs,0
test_axnjaalpxi,2
test_iquauoqctf,1
test_hcdagfpbmm,2
test_jumrgqskex,1
test_shdyzyraic,1
test_opovsdqdrm,2
test_rxdfimrjsq,2
test_ubgjsnnqvr,0
test_ubmeupzgrq,2
test_msgocwsqxl,2
test_igpyhjogok,1
test_bhshdxnjxd,0
test_bmsgyyulda,1
test_kshmwqnvtj,1
test_yomxvrxdpk,1
test_prxyrlrkaz,1
test_mzlgskpjyi,1
test_vxnttukdbb,1
test_kxoxtgebih,2
test_paltigvypx,1
test_butoekwwvi,1
test_oepyfreuxy,2
test_cppkovzhjz,2
test_ijlgauuyzb,1
test_egocwovxwf,2
test_icnswiumfd,1
test_bhhccogxfk,2
test_lrnikaclbb,2
test_tbksdxtwda,1
test_rmvdyzllcv,2
test_gynqwstyhj,2
test_cfgahttqfd,1
test_gohptsquwp,0
test_nfbxpsihzj,0
test_ikyijwknuy,2
test_lanunohtrm,1
test_htdcsilgma,2
test_eecyagaspi,1
test_fbjhqmcyeh,0
test_lasqqjyvvb,1
test_yydnohhpta,0
test_unxdusjcyu,1
test_tuqixcnnpk,0
test_ccqkoqojgr,2
test_pmqhcbgaap,1
test_njkzymbbut,2
test_qkdoddvtgc,2
test_muzfzsxkcz,0
test_dyuwjwfulv,1
test_zkobzdnbrv,0
test_pegdedmmey,1
test_rbdchkivyp,2
test_tmfoijiknk,2
test_bfsvbhuyep,2
test_bbfvbaqjos,0
test_lmjovknibn,0
test_zruqyryedn,2
test_evypqlyuoq,1
test_qcibwtvqzj,1
test_feiezokmkr,1
test_mviqsblzaf,0
test_syfidkdalu,1
test_azbwxsouam,2
test_ixndiajzdt,1
test_sdubilfgyb,1
test_iisuwmpvrn,2
test_zbgdhbxcay,2
test_hhxdfmyddc,0
test_pqtygfscxu,2
test_trasnnkoyr,1
test_ooysufvhng,1
test_znrrdacdtl,1
test_uadmhftpil,2
test_bwywieflbm,0
test_ppzqalcknc,0
test_zdukpoxrsq,2
test_qnlwvoneuq,1
test_fcafjyqmwc,2
test_ppfjviihxb,2
test_jsljswgiab,1
test_iyfuqbobcq,1
test_gfadkgmlmv,1
test_elepcozfxe,1
test_yqasbugonw,1
test_fobvmkmnoa,1
test_xqtcgzygkt,2
test_efwkfajsuz,0
test_xxdamitotx,1
test_rjoanxkhir,0
test_cletolbvho,0
test_tftmtfeobb,1
test_hpwhxejcjk,2
test_vscnzmhaob,2
test_mbnfgnmlfg,0
test_xemjjiwwya,2
test_gknlsguzfk,0
test_wjxykfnbdt,0
test_hcqmmcxrmk,0
test_exwlotbwqc,2
test_ietegebvra,0
test_yigvuwqcnb,1
test_xejunmplke,1
test_kudylkjmke,2
test_ynrbexyrrl,1
test_sqloatycqg,1
test_vgxzgdljhf,2
test_yhuqqbqjwt,2
test_aihtkfjrmm,1
test_hrcgiskqcc,0
test_nsiwegsbqm,1
test_ylgsviazzu,1
test_kqjwzteall,1
test_jetqaotuds,0
test_wlrgtlbttl,2
test_fqplncydos,1
test_ktvcewzxbn,1
test_tconrdeltc,2
test_aktyuwciby,0
test_jgzqopynkg,0
test_usjabuxmry,0
test_qbylsfgden,1
test_yyueqjwlip,0
test_zqcbtnypfl,1
test_iufmmkngwi,1
test_rccuqbwfnz,2
test_cjdxffhnql,2
test_ozqyxgcqzd,1
test_baqaaukbei,0
test_nustycnqdq,0
test_zywedsqipw,0
test_rbwzsccubj,0
test_thhqqzdsbp,0
test_iclebjmvym,0
test_drcvqoedpd,1
test_tkuaaiysqx,2
test_vqmkbfnvvf,0
test_hasguahugx,2
test_zxvmsraeyz,1
test_ittfrsdkew,1
test_xairxnmqxh,2
test_woenqmuhrh,0
test_dnjedwocjb,0
test_lhddnmqghd,0
test_uaaxiuevxv,1
test_zgvyufyzkn,1
test_idawuymgeh,1
test_xyjtbcdyle,2
test_cbdayaewzv,0
test_mztoyvkkbc,2
test_qoxwacvewp,0
test_mgwzicwgcd,2
test_wdnzsritjd,1
test_sitojdzbyg,2
test_pvjsjyuoyi,0
test_fxagslgpvc,0
test_ttgymgofdm,1
test_bmudnngeyt,2
test_hybyabbgvh,1
test_cobmtaenna,0
test_jhnotxkdws,1
test_uuwzwwbikz,2
test_hedgryacif,0
test_ikoumzfplc,0
test_ckuwilpzvh,2
test_tmcxivpjjz,1
test_zdzdzvtvhf,0
test_opawkhzxmx,1
test_tjtzcvplub,2
test_bjmhucwaap,2
test_suanrkqndl,1
test_iunfyxdrxl,2
test_mwsnwxhiki,2
test_mkyzxrmfge,0
test_uhopobcyhi,0
test_roltoxjnpo,1
test_yrwbsrdmvh,1
test_lazytevpvt,1
test_zddnjhsyyi,0
test_yadgjmtscx,1
test_yntymrsnaq,2
test_tybbmxkepu,2
test_vzdawdlcoh,2
test_ndvibaejuf,2
test_tveejfvasy,2
test_veyghsunlj,0
test_sybtnwclsm,0
test_oufxwpkeqx,2
test_umcfsfxgqv,1
test_gjstxvfkhd,2
test_xbeorhrrcb,0
test_drzchynncf,0
test_xbhkowzdng,1
test_trxpogbhdl,0
test_rwcufnxfdh,1
test_vyvktrelvj,0
test_dybfealqgw,0
test_kncbtbdrze,1
test_rxuzmpkdwh,0
test_pgwxdgqmqy,0
test_ixfbdefvpc,0
test_pcooopfkgu,0
test_ccrkwfkovw,0
test_bhtwttqmhy,2
test_dbyqtnkbzx,2
test_terzkgqmqv,1
test_lytecrwazd,0
test_unyrpxjlpz,0
test_cxesdsiqhk,1
test_kujlivsrwh,1
test_gikparrxkf,0
test_yibeldrgkg,2
test_rnoefvcttu,2
test_tlxsvjlhhw,0
test_kokplcoqfk,1
test_usbwsufoyj,1
test_rvuffsumag,0
test_glqxvoecxn,2
test_kiigievxvd,2
test_kbyzwpddld,0
test_inmvxrpgdx,2
test_lbwqjsjffw,2
test_efphjyyrru,2
test_oksviqpecn,1
test_kzcnfmioey,2
test_zdxovmehsj,1
test_uwtcmilyeq,2
test_agbijgxgjp,2
test_ehbdbgaijb,2
test_tgdsstozor,1
test_ebfqhieekf,2
test_uvhaicqiiv,0
test_fdmmxrgorm,1
test_gvdrltytnb,1
test_tmvvuioeev,0
test_bxgyphydco,0
test_ovqifvpvvo,0
test_fmuiiolalt,1
test_pjnltxcszu,0
test_edhylodvpv,1
test_ptrjrcgiou,2
test_rdywytyosg,0
test_eonythhgqh,2
test_xacuyugjki,1
test_thvnsmkfsz,0
test_dydlsjxjjr,0
test_vdeswbogtq,0
test_klppjyejcf,1
test_pdtsygnyzb,0
test_lmemsemyrq,2
test_cjuhwijuzv,2
test_cmyxgdlqmk,0
test_ztbfrekutf,2
test_iszewmgiee,1
test_clpkjcgdnk,0
test_xawjjvetkc,2
test_grtzoguewj,2
test_bdsisticpx,2
test_xktusqidmb,1
test_qaufhrimfd,2
test_jauxlwmeun,2
test_yyhgjkcphi,2
test_ymhqysiaga,1
test_ewtlcyqxdf,2
test_wecqwehlxo,2
test_offpwlovzj,2
test_xznaaidkfk,2
test_zjibrqlvwa,1
test_gdwjhlbmpc,1
test_wmygplsibw,0
test_qonueauojn,1
test_ilimnvvbwf,0
test_moloounqbm,2
test_ekdrsmbhdq,1
test_nqublachty,1
test_zjottrbpda,0
test_hamukkrysm,2
test_hbufwpxnti,1
test_mnfefueobm,2
test_bwwtpnrvnx,1
test_rrhzjevvnt,1
test_tlzkzxxndn,1
test_ehdipodqdg,1
test_bhqtwzhask,1
test_vpstxcyhik,0
test_qjenfuqvjy,0
test_gjqmrhhxyz,2
test_darahtxlwf,2
test_tvpnjcousa,2
test_bexwicankx,0
test_oastqrmiai,0
test_fixneinmce,1
test_xuasjesqqc,0
test_afxkqjwqtm,2
test_qwxpmxrovh,1
test_eenuhaprah,1
test_rzfypmypvh,0
test_vvpcvgpuxe,2
test_dqiwzkufbn,1
test_oqmxsqyrwm,2
test_xcorceviuk,0
test_ogzuvxnaar,2
test_kpiozedfjd,2
test_wiohpjevfy,1
test_dlxigzbwzo,1
test_ociksqyadz,1
test_sreljoliia,0
test_hgbbwghaoj,2
test_cppsmsreuv,1
test_gucyiptyda,0
test_drcruczubw,0
test_hpkvvplikg,2
test_vanoxyrgay,0
test_fhabnngpzi,0
test_brqfvsyhjc,0
test_seldklkftk,1
test_aaodjrugmk,1
test_rtnkvvzfwx,1
test_rubwyiyuui,0
test_mcdfssfqul,1
test_hvnyydlfgl,2
test_gqcieirvah,2
test_vjiojzefrz,0
test_tzrvnkbarz,1
test_hryxmdzbsq,0
test_xgklghtfkp,1
test_vadxngjqpw,2
test_xxoygfbecd,2
test_egtnyaxjsg,1
test_quitnywres,2
test_gxpnclqelm,2
test_jveitndchp,1
test_ntiwuidugx,2
test_slylduwgij,1
test_mszceosgbt,1
test_emhqzqhklo,1
test_jtniwfdfff,1
test_tqxffhmxra,0
test_hmxozcaimg,0
test_mnnzsbssld,1
test_skvwkfealy,0
test_fngfpzfhyw,0
test_rvbmwewbts,0
test_mngksvalrv,1
test_tfmpzffigk,0
test_lmaezkpbqx,1
test_aobwzdbnim,1
test_zqjbgmiyjx,2
test_lminnvwwgi,1
test_qangmlwkcg,1
test_sctxdljwli,1
test_ejbxgedgyn,2
test_fuxmvvubwg,1
test_iovwetypcn,1
test_tmwsnjsrhq,1
test_hafnzcuizi,1
test_tyadohfunk,2
test_pnbzjrqgiy,2
test_sehlgavalt,1
test_wwkuorzims,2
test_mneavazvrw,2
test_cuqyshzrtu,2
test_ucluusbfmo,1
test_fazzzvsluy,2
test_uwvlipsusk,2
test_jjetplpupt,2
test_cwlgjonfij,2
test_puisyjsojp,2
test_wwbpvxsojo,1
test_yeqlqskyxk,2
test_mxdyqielsl,0
test_gmzvhblxiz,0
test_ajygtfpmdl,2
test_ksadwammec,0
test_hggtaimcuu,1
test_rgvaxqxaek,0
test_nnlfhqjxst,2
test_jaqnnflelk,0
test_egixqcbkbr,1
test_wpigocudqu,1
test_vonakxwgfs,2
test_dlztnltawd,1
test_dukwldintg,0
test_fvjvdjjevr,2
test_zljidmzxzl,1
test_ihrkouayoy,0
test_gswpsxgfjq,1
test_fwjobvrzga,2
test_eeutdnrgom,0
test_qdblemhksg,2
test_wiuaosizme,2
test_grtykjuqze,2
test_ildiexdwhz,2
test_tqeeufulsr,2
test_kmbtfhfqvp,2
test_kqeqpjwdhl,1
test_knvjvtkgfu,0
test_gfmcajzrsk,1
test_opygopqqvh,2
test_bwododfuna,1
test_jqsciadugf,1
test_bcbtlrxbaf,2
test_ofotjeyulm,0
test_hrzetavhxq,1
test_mejvafjfmg,1
test_ghuwjhpqxo,0
test_hsxmnmahdd,0
test_pdlezaezpw,0
test_seqcctzvyn,2
test_rqpciciefv,1
test_lmbkeudfbe,1
test_apqrhmgxfa,0
test_ojechgxapg,1
test_typjogvolh,0
test_jrdigpigbs,1
test_dcmydvpewy,1
test_xfihrgjznn,0
test_hnzkniknrx,2
test_acdzymeqju,2
test_hqjuqeffhx,1
test_qoyjcenvzs,2
test_kuahoeemjy,0
test_cztvlzlwwl,1
test_glxpfyvdda,1
test_fqlscroqyh,1
test_ktwhkhetkv,2
test_rliklnwhzp,2
test_riimtlsefc,0
test_dgrrgxomol,2
test_mkvvxeyxjs,2
test_proeptfexs,2
test_qeyqhmgizg,2
test_zfdihpwjkq,1
test_viqdcykgsz,0
test_pinksxfcaq,2
test_ggweemkuvy,1
test_ybykutcyic,1
test_tressvpwsq,1
test_bvyfvrzdom,2
test_dsmezoteys,1
test_oicqlcszny,0
test_gjfhflzshf,2
test_fzluxymmjk,1
test_ztzcicreni,2
test_stvrescidk,2
test_idgssctehp,0
test_csnfwsqhdu,1
test_evupaluvue,0
test_svauhlzjne,2
test_dijjqqbisr,2
test_wvlpmzewug,2
test_atevxbxrfd,1
test_bqwgmfwpih,0
test_khjpnwqwjn,2
test_fsjyghrwdi,0
test_naxxfuasmr,1
test_foobvyvstw,1
test_hgtpltxhre,0
test_gqpwartppk,2
test_utofludngl,2
test_svbqkbxtoz,2
test_whrugdazbr,0
test_jflqnbckfs,1
test_kcbcwftkqf,2
test_ljibtiottn,1
test_frzbnkqsch,1
test_jaolelxeag,2
test_kbdohncesi,1
test_lxtzoxfzpx,2
test_xntjgwukkx,2
test_vttnoqsqwg,2
test_btaqweketu,0
test_jpdgdjkirx,1
test_fpasedyvod,2
test_onwoyggaew,1
test_eyrdofibpz,1
test_dukwjujyjl,2
test_ooecqqhjwf,1
test_goexntkrxq,0
test_srqqhwzrek,2
test_bititbrtyd,1
test_qeavqlbreh,0
test_sayvbratwa,2
test_inbxbtotat,2
test_tkyrnridci,2
test_uipwvgveur,2
test_sjnelwrycb,0
test_ctlgsglpnf,2
test_yxdpoedqlk,2
test_dlxujkwyis,2
test_ednvygpzst,1
test_otnaudjxbo,0
test_xftapfykum,2
test_sqjswjaeql,2
test_vktoxmytuj,0
test_crvhnbwfkw,1
test_fbvjxtmkbe,1
test_yrickrtasc,2
test_bedqjiafei,1
test_fohgrqvzoo,2
test_lkwkxvtpbg,0
test_ggmlgsamlm,2
test_fygxysjqej,0
test_cqoydvroqi,2
test_siyxusxidw,1
test_defvfijcsg,0
test_ufqcggcmdb,1
test_myqljonafd,1
test_qnzztzzemb,0
test_gvtychklms,0
test_ghwjyedduz,0
test_toyqfrruip,2
test_eomfpilsuk,2
test_ixgjeissfj,2
test_xrgaeycifi,1
test_tgremadvuc,2
test_vppnesttip,0
test_xolbjlezjr,1
test_jypgpyqaod,0
test_twmjvfjgfx,0
test_iqhknjqpgc,2
test_zjnzqtcyvr,1
test_lkfekudrbb,0
test_phytekfejb,1
test_saousikvll,0
test_syxhvkldwh,1
test_zcjbhcblfj,1
test_scmpnoysca,0
test_ysakvxadby,1
test_dwqlzjttih,2
test_amciwxgudj,0
test_netuevnnek,0
test_onbhshrnbj,2
test_fbyilzwjtz,0
test_ssbvjpvtpv,2
test_dwvrfdcygx,1
test_uuwzmspwbu,0
test_qjvluqntuo,2
test_fnkcapymxp,2
test_eylvdvewql,1
test_ivwdvehhge,0
test_tnggoniglm,1
test_gzfvdibfsu,2
test_isxlvnljea,2
test_obmzmwtmxv,1
test_grhgoqxljy,0
test_fduuvgeorx,2
test_fwvkiihwxi,1
test_vtvmcggwhl,1
test_qcccyniuve,0
test_jvrjjzaflc,2
test_osketkixkt,1
test_cugugvsijc,2
test_qugekowhxk,1
test_ccpadvubfn,2
test_ibdvqworos,1
test_mpzlirhpnm,0
test_rrgodtnbop,2
test_owhwkkiean,2
test_zyrozpfzya,2
test_vgviaqbcem,2
test_pvjlfbzzbn,0
test_esdixlryjg,0
test_ssozatdvim,1
test_liiwctgqbp,2
test_khaagwktac,1
test_qivdtdflcs,2
test_fmwzkimauq,0
test_ryhoydgtcg,1
test_zcposoxaio,1
test_ashgcgbffx,1
test_dlclhuuhmg,1
test_wlsfuxbyvp,0
test_ohtrszcqla,2
test_fxudblgueh,1
test_laxqgzsqkw,1
test_ipwcfqfkwp,0
test_vcrmglukqh,0
test_oxsrzaimmf,2
test_oqxmhoysfi,0
test_jvpankmbze,2
test_tssnqtvtqb,0
test_acqecjprlc,0
test_mgaiswevvl,2
test_ywgqlypzri,0
test_hqraqzqyfw,0
test_cpafdelxvi,0
test_ifvlpjzdxk,2
test_afhkjljjee,2
test_vyfehrfqfi,0
test_seqbujjojk,0
test_ybulgxodne,2
test_qbvqwoofhv,1
test_nkrtiylmik,0
test_llxhovieng,2
test_rctrjupkkq,0
test_livpmauixc,2
test_vrujgmsbgl,1
test_aopylrrtuv,1
test_ftchifzbjr,0
test_vlnwsqvbmh,0
test_rhokympuux,1
test_qtywmhpulr,1
test_uuyurzodax,1
test_fgvfcvxanb,1
test_iljmbytiyv,1
test_loqenptqrj,0
test_riywkmuvbn,2
test_eictdxosxl,2
test_liwdfxnmto,0
test_lyoaxukyyj,2
test_szihwrlepc,1
test_wuxutzmzjm,1
test_gwrpqswgei,1
test_dinfexjblb,0
test_nfmlttggsm,1
test_ffssqtabbg,1
test_sohtqattxm,2
test_leptkctcnn,0
test_nxcckmyise,2
test_yptfwrrhax,2
test_dhengxppnk,2
test_dmonpgiruj,1
test_hbhjfiduxt,1
test_fpiskznpmx,1
test_pegzpnwphv,1
test_ybswahukec,1
test_xojmyabkmr,1
test_klrxkcrauf,1
test_zmdwreoyvy,2
test_tgkhyojtqc,2
test_jewmcnksvl,1
test_heygrkmvwm,1
test_fopqmhiefj,1
test_jhzmqmtetg,0
test_tiibaxyzci,1
test_lxslitkhhv,0
test_phducocgrz,0
test_mdasimhcui,1
test_yomhneuneq,2
test_mcgvaamkmi,0
test_zhqmjtwfta,0
test_vpnwtcnlbg,2
test_gfbsqggngp,2
test_noobrbjgla,0
test_tgvldgtoer,2
test_xxiqqpvvxk,1
test_gjadwxczmc,2
test_wkbmnsjkdu,2
test_roevwlwqif,1
test_fgfmcrpabr,0
test_velxwvvhzf,1
test_sprdcpjrzk,1
test_lzlhvlwsgn,0
test_wzixggavvu,2
test_irqvueyypz,2
test_dxrhowbtdm,2
test_mlgxlpfhdt,2
test_orajkvnzsz,2
test_eibrejktkn,0
test_tiipduafuv,2
test_wmnlaizjgi,0
test_hjoiaagsjw,0
test_tueadoerqe,2
test_esybmsrvwq,1
test_yhnurquywd,0
test_tfygrfnnjt,2
test_bbpgubhylc,2
test_lhmdegvojo,1
test_adqfxcqmnk,2
test_ylmjqkkvcd,1
test_vsuzysteet,1
test_cbwxbxeeiv,2
test_csutuziwgz,2
test_ibjbrurbea,2
test_kinxavmfrd,2
test_rkyvjryspb,1
test_xsjpifhpxx,1
test_spgcijvfog,1
test_hecfwnjagt,2
test_riitnagpcq,1
test_yahulpnmdo,0
test_dfxakxboqs,1
test_etexosfybx,0
test_daryqfefqs,0
test_nkucekenpb,2
test_bunxxvzoqz,0
test_tvytkihlmy,2
test_gsvscryxvo,1
test_tnwmovelhj,2
test_iqnjtvdbpz,1
test_hnyixrzcta,0
test_oynnihnhvg,2
test_vdsuplbmtw,2
test_qhpqtvjbzo,0
test_zsmrymuvvf,1
test_oxcijqczxg,0
test_gtmfusbwga,1
test_mfgdxlbpba,1
test_aljzfwpkbc,1
test_gtrfjxegqe,2
test_enzibxpxfn,1
test_xazgulzhqe,2
test_yhfaxpxzax,1
test_tnxwrteuuz,0
test_nzzounhvmh,0
test_vzzzpalnrf,2
test_whijrybzlo,1
test_naboqbygsn,1
test_hnfeuyxwrr,1
test_vyeeoaosmf,0
test_qikaqdedlk,0
test_ceeevuimub,2
test_rghheijjom,2
test_xyosxxafok,2
test_oifxcbkcoo,2
test_crtyvzuhsg,2
test_daqzwgpeii,1
test_zxuyysaydy,1
test_giswpbvhus,0
test_dyrsuklaqn,1
test_rxisrxbenk,2
test_lgrsubnpbk,2
test_yxyezpribp,0
test_gxrsyotbku,2
test_lqnizcpkuq,2
test_gkbtlhemtj,0
test_bidfkjbyvv,1
test_oorczcuqyt,1
test_pozupoiwym,0
test_xuyhedblgx,1
test_ytjkduzyry,0
test_wrqrnaqnxm,1
test_ozkjaexgwf,1
test_xpsskqvfnv,2
test_rvftrvospb,2
test_dzlykaijzd,2
test_evueqddusm,0
test_jltymoxkia,0
test_nuqnqedrgd,0
test_qocuyfgqqm,1
test_nwijcbrfjx,1
test_fptrraicly,0
test_xahkgierim,0
test_nzcedytarp,1
test_sgylwywstv,1
test_zprazvruev,0
test_aqooesxjxr,1
test_gokcznlaam,0
test_yozpcqtylj,0
test_rgclpellzc,2
test_gybdduwkbt,1
test_ucxfmwawzv,2
test_nuybohtifo,1
test_kpoosjinjz,2
test_magektvsvh,1
test_cjjqezfklh,2
test_kabgfgvypj,1
test_ixsejpjsfs,1
test_wlemzmjkwg,0
test_ojtgruvvzy,2
test_nundvntnqj,1
test_yfosfqdheu,0
test_llklwkvvoq,1
test_kitdbmtbta,1
test_igjukgaurr,1
test_pprtfwtrwf,1
test_gijejvldah,0
test_smqeaguann,2
test_fjbmduunzx,2
test_lpjeuuqotu,0
test_ccpbphghsf,2
test_dxresbwkbp,0
test_nnqegnszbb,2
test_adnbuqdwzy,2
test_gqnkvpoosc,1
test_ndqhyjakoh,1
test_rpvoateuly,1
test_vjvlxdvglj,0
test_hmrfdgshhm,2
test_jtrsbwydgz,0
test_eenhrwifua,2
test_ctulywjswh,2
test_svunfyziwy,0
test_boypvwmdik,2
test_wtopvrmwsv,0
test_ahynqdgukv,0
test_dhizbchbgn,2
test_kovlrpcacq,2
test_gvgrvhxxre,2
test_yctlcbxjsv,1
test_fchihphsps,0
test_bbimrulabo,0
test_uxacuuiffk,0
test_qfmfenvcfo,2
test_sluvqnqyjj,1
test_eljcbvakza,1
test_wcawkrjqmw,2
test_oyyzwbvpoy,1
test_esavagitso,2
test_qcxsmvowqb,1
test_gmnqbpnbxv,2
test_rgsuznujrm,0
test_yybdgffhnz,0
test_jdabfehrfe,0
test_unljgzqbjx,0
test_fupegbkguo,0
test_kuqjsxzhbi,1
test_euvsxwcecm,1
test_pxbxtbyeds,0
test_nqufobbnxu,2
test_fumupvhdso,1
test_elqaoouisy,2
test_hegcobvfbz,2
test_tjaueuqbqf,0
test_gqukzkjnhm,2
test_emyazxiqvl,0
test_oztvqethfn,1
test_xdnlzzzzkt,1
test_auxyayahns,2
test_pjyvwtsxxe,0
test_aqwkjauhqh,0
test_qeomfmbwxa,1
test_izjdxbtjvu,0
test_guhahixyhm,2
test_psjcjyaigx,2
test_ghqaqwbprt,1
test_pcevncgqwb,0
test_fgjdyhwprn,2
test_tfllvwygtd,1
test_xpxsahsdpx,2
test_wowojkovko,2
test_nvuwtskinf,1
test_rkslwtubbu,0
test_iujgbwflzr,0
test_rqnbgszghr,2
test_mkhomrbbog,0
test_cnqsbqtcrv,0
test_kgcaptvjaf,1
test_irpabkzqmh,1
test_nboubhdnyu,1
test_xuecixwufn,1
test_wncmuxwrzs,1
test_vfojsvryxr,0
test_uunorpswzu,0
test_tnpxwgellz,1
test_joittdosqp,1
test_rjgpbzythi,0
test_ljwbjklenq,1
test_jxvglzfhlq,0
test_wpepepfgjk,2
test_qtlpsxcztw,1
test_bjrooeikkq,2
test_nxwhmhyclk,0
test_eymrtmdqbg,1
test_msirpjuurj,2
test_xsihnalqvy,0
test_oecgromquc,0
test_ygqrkwchwn,2
test_vjndtokwid,2
test_okymvndabs,2
test_yclqtkzfmq,1
test_mxngfbovvv,2
test_hbqpkivneb,1
test_tshpovhjuq,2
test_retchxzjvz,2
test_xvccvdezus,1
test_aolcqkvjgm,2
test_oltgoyitaq,0
test_qecgsrrlxj,1
test_phsgeyhufs,1
test_udrkrdoapk,1
test_usamtqempq,1
test_pmfuydaphi,2
test_vljjczcqqj,2
test_ujhbsalurv,2
test_abgnwzggkd,2
test_nomijydkri,0
test_zcwchveslw,0
test_xariiulugp,2
test_ycsrlylogy,0
test_zxxkgjbifx,1
test_ycuchgwmfn,2
test_lncdkxcchz,1
test_qpkabnbdrr,0
test_loplygobgw,2
test_knjepzinlv,2
test_eofzbnlivl,0
test_hiertsufen,1
test_ygbakznyfc,1
test_vqrqtiarfz,2
test_ockwvhridt,2
test_naurzvsscd,2
test_xwmantspwo,2
test_krsyvzhfbq,1
test_vtjkorjjpq,1
test_altocxprzm,2
test_htgpzunxet,0
test_uwoarivziv,2
test_jebivpebdi,2
test_tamujeeria,1
test_lxcknixffz,2
test_wqrezcatpg,0
test_mrhssgdxmd,1
test_nptpibbnde,0
test_gwnltwfcpn,0
test_dzmrvvpleu,0
test_ciqockdjwn,1
test_kbfyolstys,1
test_crlwlorbrg,0
test_jtvyddlqmz,1
test_emchkxigru,0
test_qgduzivaem,2
test_vvnnkenxfe,0
test_smuvkblnaj,2
test_sfrcvfvkim,0
test_wykmvvgjyn,2
test_rafjwoepbv,2
test_wqtzxypytk,1
test_hvmmuvetcd,2
test_xxvuehozfb,2
test_xnpcykpoqw,0
test_etovjmajqa,1
test_tjosarbilv,2
test_uheagdxntc,0
test_ojkiwqfrwb,2
test_frvolzvnwn,0
test_bnnugadxpk,0
test_qnolcsdxmk,0
test_nlhjyqubue,2
test_dahknokpcr,0
test_dwgvghchdy,1
test_hsgkxwmugp,0
test_smrsgtfkoj,2
test_xqdsnjubte,0
test_tyzzeoysas,2
test_zuezkengsp,1
test_xalkunjbxt,2
test_gafrlzjcuu,2
test_yeiesalsku,0
test_rgkpmvmvao,1
test_snqknsierl,2
test_sqkkcottfn,0
test_ajkvuhscpa,1
test_qveaswrrue,1
test_grsxeouftm,1
test_uywkxklagf,2
test_ivzgowkicb,1
test_ywqvzntixc,1
test_osqxjuoujq,1
test_hpjnwqxerz,1
test_qouesdpnod,1
test_digikqjdzv,1
test_orxfhheydm,2
test_fmvpghfgeu,1
test_iuziuuhzsk,1
test_buqywasoat,2
test_spgbqvmnav,0
test_eywsyruodr,2
test_cjbysuxcic,1
test_dumxelsgle,2
test_qqasxogysk,1
test_bfuttexzkq,1
test_tlwqwpseud,2
test_zqlqruftrm,0
test_aysegciwff,1
test_ruklfdthin,1
test_xwzrrxiihm,0
test_wbjtuhfnol,1
test_dapdhxsinu,1
test_egkxupnexk,0
test_pcwogqlmzm,2
test_wgrktzepsl,0
test_cdzcbaaxlw,1
test_hlrwkmvwbe,2
test_srregrpcpq,2
test_iqytvhcyrd,2
test_cfyvmdayzz,1
test_tvksanfmxd,2
test_rsfzmezuuf,0
test_wahfsqmmmt,2
test_pidpydxsif,1
test_lxugelkaxz,2
test_wternakuxg,0
test_lgumiuqsty,0
test_wdhqbrwhwq,1
test_ocvrcjelkr,1
test_nvaoqldscv,1
test_gygkzhbspq,0
test_lqubeutshg,0
test_ubqkwuxmpc,1
test_gtinpmmwtw,1
test_fjzttmuzax,2
test_zwfoatnsqq,1
test_mkmfjtdmes,1
test_atxgokhdbo,0
test_dnyzgwwbee,0
test_tatckwocid,2
test_pkosxtrsjh,1
test_ppwnwglodb,2
test_rennxjmiar,1
test_oyanryaifl,1
test_lpqhpyngpl,1
test_dtdsfmjxog,2
test_vxeqdwsgwk,2
test_kldtvwluah,2
test_rtwrzugdlf,2
test_bbfzjturnh,1
test_xjmcxrvjde,1
test_efzsljkrxc,1
test_ffvsshoxgz,0
test_gweqzpdojw,1
test_bhmbqnxryd,1
test_dhjrwrelio,0
test_hmfeqtsmcc,0
test_dacpyntwnm,0
test_atwmygkyae,0
test_imhjwhqpqh,2
test_hynlsaehqy,0
test_amtcjyyrnz,2
test_znhwfmqhyd,0
test_rarwzagsel,0
test_oxfaadsxwc,1
test_cwlykfpzdk,1
test_nepakzjqkh,2
test_laxglppfgq,1
test_nmzrqjktbx,0
test_vqvasehktd,2
test_lgebwgxhkg,2
test_fvoxxrvobg,1
test_jjgfczppnw,2
test_kmbdunwmue,2
test_kgzxoeiyae,2
test_awohyqlemp,0
test_ugmvoebmca,2
test_ujogwvlele,1
test_vzqewthmfm,1
test_dlecurxnej,1
test_dhomwtaqxf,1
test_xshvgnkcai,0
test_yrvfjcxsff,0
test_qtqisrcedy,2
test_ntjxrputyl,2
test_iqrkqedwqe,0
test_fhricpaodu,2
test_naqeakzldm,2
test_uxudwrihxe,0
test_hziptxbpxm,2
test_hkliqrfyep,0
test_wxaxqrrewn,0
test_ayxcgkpcxt,0
test_crlinyqwtk,0
test_ktafhsimsh,0
test_abfwexjhwr,1
test_edjtirfcbt,1
test_xlhckdhmct,1
test_hbcdptjzte,0
test_xjcmjrpqah,0
test_matmruvkzv,0
test_jsvitcjrir,1
test_fkgpckbbqy,1
test_xrwpazqysy,0
test_poovbezmvh,2
test_puwcngsdpd,1
test_edvuxfigdy,0
test_iecqjilwtk,0
test_hblaskegdw,0
test_kwjzdhsang,0
test_fsmgvvajqf,0
test_pdlpgwlyoo,0
test_hvcqichokd,2
test_gxevyiayvy,1
test_wniksvfddx,0
test_laqeauesrj,2
test_kcfrcbpamj,2
test_bqhfrmcgve,2
test_qrexbxpyos,2
test_beykugpqch,1
test_ktidwxfroq,0
test_ceyctcsprz,2
test_zkkkvmsyvw,0
test_ojothysauu,2
test_cbdvxpxzwb,2
test_dzzwrmipcv,1
test_puowcljnde,2
test_jedwiwhqno,0
test_yaqzjzujxu,0
test_nyfskqusqp,2
test_rvuhshuwho,1
test_vauataawkf,2
test_pchmxniowj,0
test_fbzrlfkujw,0
test_zoaehxwicj,2
test_fgytykvthm,0
test_ruqzxtxkyq,2
test_zladaaadsf,0
test_gswcthizux,2
test_nfogghyyjk,0
test_dsdwoxdpkv,1
test_sarvmsqjia,1
test_sqeioueadv,2
test_egiwzdngfm,2
test_rsnzjmuhhh,0
test_qcahiqlmvd,1
test_jtwfekpknj,1
test_tqtupxaozl,2
test_fclazjscok,2
test_ftorvrxexo,0
test_nvjzdicnsx,0
test_lwuwwlaoos,0
test_rcdkfcemfi,1
test_qblrektidf,0
test_mxfkeexfyu,0
test_wtrjahabmb,2
test_fvdbfgbunv,1
test_cgpqsouvog,2
test_ksyloktwkh,2
test_konmqulrgm,2
test_fvhnxjvegd,0
test_dumhxxxftj,1
test_hbdppncxow,2
test_dfhezocmhe,0
test_hutxcqwybn,2
test_mxsdrmnptr,0
test_hnsnzmngcn,1
test_pvfnkbgurc,0
test_fucvdjwtpf,0
test_wtwbezvyhm,0
test_hzvdtlkuiz,0
test_swidxrqwqo,0
test_xiaexahfqb,2
test_qxcrsetkdu,2
test_ekqmqxncye,2
test_aclvqhqiwq,2
test_cvzyflavdv,1
test_iwbpjgznqg,0
test_isxlthcnuz,1
test_yqrkqrkfsw,1
test_hcaowcsbqn,0
test_plqwblfwir,0
test_qemaiipsvs,2
test_pomsrhidvh,0
test_vpmwyvnedj,0
test_aemlbbtycp,0
test_dkpwmuiseh,1
test_czbygigvym,1
test_adwdpdvahl,2
test_rsghscvhpd,0
test_titbndrfgp,2
test_nuoqgqkhxa,0
test_elnkigyoye,1
test_maoztxfdsi,2
test_zqreifpvej,1
test_xzionpnpco,0
test_xzfqiobghm,0
test_btdoudmzsb,0
test_dpvtiuaehp,0
test_amebwhrhwh,2
test_mtzziotzjz,2
test_gujebisume,1
test_hjitwgbthz,1
test_yjllmpvtwu,1
test_uipzjtpfje,1
test_axmiggofpd,2
test_tykcklcxlv,0
test_kinuqgoino,0
test_rbyebogphb,1
test_rcdqgwscxc,1
test_nhedxqnqlb,0
test_rygdqblfve,1
test_fesmdibmge,2
test_rkudyrgllz,0
test_bwrtasebmd,0
test_pvrgmveukc,0
test_mcemzkbujj,1
test_gkehlqgiww,1
test_hhmxdjjhsb,2
test_xfkorlrevt,1
test_istztcewck,0
test_lescnsibuc,1
test_gnjwkqntnu,2
test_rbicjlnwab,2
test_xsycxxzjls,0
test_vzmxsumbkk,1
test_qbuvugnjsb,0
test_ttlegkmnxc,1
test_myootxpbms,1
test_eskybayeor,1
test_uhowucnrcj,0
test_aukegarjwr,2
test_pjzevdoyke,0
test_jpcxyepypw,1
test_ucqgxcxllm,0
test_mhrpuinobd,1
test_ultkaaxcqk,1
test_smfgojwrmz,2
test_zvfcfdjvcd,2
test_unzvebyonn,1
test_bdsgmkveog,1
test_lbzgizkdst,1
test_djhsndeutv,0
test_ieuxlqjouw,0
test_muotwxvuiv,2
test_xnugxpavcd,0
test_yfybxlfpyz,1
test_fgianolhof,1
test_zgtxuxbwaf,1
test_cnnhpcwiwp,0
test_ckbryphmun,2
test_zyqbjwgeoa,0
test_uqdauoumge,2
test_acmrvyjjeg,2
test_jgqkuneocg,0
test_mtjnygcmcy,1
test_dgevxiuefq,2
test_laapzjwxcs,0
test_wakgnrdhsd,1
test_qompulqzxe,1
test_mpfxrwmvjk,1
test_dottkhpcqw,1
test_rjwdrqbvhh,0
test_rqlmqrnwdr,2
test_oodhahdziq,0
test_rerwkyiufv,1
test_aorrtdrwkn,0
test_jrbhupeywz,0
test_ozijvwmjpn,1
test_hvewlqqlmw,1
test_xzsudmrchx,2
test_pfbcqgmsur,2
test_ugfhcwekdj,0
test_vjnaasxbob,1
test_feurfdyutt,0
test_tvykicawiy,0
test_jwhfygbaij,0
test_eggyhppfes,1
test_mqcnxrchsh,0
test_mvreydlfyv,2
test_xzhinmixlc,0
test_zgxsuneahx,2
test_seroicuyjn,2
test_nxdjblnftv,1
test_wxzpqellcw,1
test_joilmvlwct,0
test_czizxgsuqa,0
test_pczbuepebz,2
test_pxhsrqmhiz,0
test_rfuujefjkx,0
test_zezbfzdnmj,0
test_xtmhgztqpg,2
test_owpjwaefgp,1
test_vanzmxvvgz,1
test_rujkrrykcu,2
test_ucswxlcmnz,2
test_ffgkxxitok,0
test_sjdaumvwbk,0
test_uamuabrbls,2
test_mmzhuocdyd,2
test_ozrozplihl,1
test_kxfdfnwbox,0
test_euwwtzeefs,0
test_slpgfpouhi,0
test_otmlzfvbkc,0
test_hyjqxnldpm,0
test_spyscrwxjb,1
test_jjbzhmeucc,2
test_ihikvpeseb,0
test_qizhcsktnp,0
test_nsilqtihxf,2
test_qsskytjajs,1
test_yymvwvedxq,2
test_tvzgtmuzrs,1
test_ppxlwcwnjd,1
test_tzoajnatvd,1
test_vnxczbdfyy,2
test_tyvisototj,1
test_nemgxufezl,0
test_kakkcqyytw,0
test_dxvskpjzwg,2
test_heegrgvfok,1
test_geekirrsdo,1
test_awhwvskhrn,0
test_cibnwsmrwi,2
test_bwhkizlvdm,0
test_tmhzuwstjq,2
test_vteglsrgro,1
test_xzzctmpgwy,1
test_ckofbcvngf,0
test_qkvkhretnq,0
test_odmpbsrhwd,0
test_jjhhnktlzq,2
test_twngorlnvr,1
test_miqrdqwayx,0
test_frudzmorxg,0
test_dycbmujkpm,0
test_pgtzopoclg,2
test_glzzrmgmhx,0
test_knkefhawww,0
test_kldeicylen,2
test_kmjnaxsqsv,1
test_zmghfpgakp,2
test_gwisvstibl,0
test_vdigqkaaan,1
test_xrahqyfnmp,0
test_prukmcturl,1
test_lbnjwlhokq,1
test_mivdjvmxra,2
test_epnaqxesnc,1
test_izpkeqjudo,0
test_uynloygwts,1
test_uukthhxika,1
test_bzakrxmvdi,1
test_zhxxaahidq,0
test_poziyuqdgy,2
test_mmzfspxeow,0
test_qvzvrqzyhd,1
test_aokvlzdycr,1
test_rehyjqpqoe,1
test_kkybsxbqnr,2
test_gqkornlkrj,0
test_kcbtgpcgct,0
test_xsciopqure,2
test_fpdygpdaom,0
test_tjkribdvgy,1
test_qohrxgkryw,0
test_utrzpqktrm,0
test_oylgpaahrb,2
test_pvveullyiq,2
test_kkvkondgxe,0
test_zmlwrzisad,0
test_bebesaqixi,2
test_ouhlopwcrd,1
test_pofagharhx,0
test_ncaipyvsbn,1
test_qwctqcwuqk,2
test_pcsqyoluqb,0
test_lfqbpedgxw,0
test_dqvmtskekq,2
test_erlcgxvsbf,2
test_bhmqedbtty,0
test_fkuqizxzcy,1
test_pdmtdwrgkt,1
test_rdruvddoep,0
test_oidjtsybfh,1
test_zvlhvwjuff,0
test_enhyywsmbl,0
test_nmbjeuutmy,2
test_xyxuqlzwjj,0
test_ccrpmfiqyh,0
test_webqqjzpua,0
test_xcnnwqadxg,1
test_hbofjgmqep,1
test_jqpqlpdpxn,0
test_zcavcwvljv,1
test_agyyivxgcu,2
test_itukjfekfe,0
test_zybzicyinc,1
test_hjlzmadcef,2
test_snrutudhfi,0
test_bjmbntymqs,0
test_stpjqfpjlj,1
test_ntncbqvvsf,1
test_thdbzjwlbw,2
test_zpkwiezxft,2
test_zydnggtuxi,1
test_lhqcqxsupx,2
test_huthliqaip,1
test_hvccvymmpm,0
test_zqyhwoefyd,0
test_bzdbpffbcr,0
test_pfpaygowpo,0
test_mddrkvwgox,2
test_sjqqunxftv,1
test_ttrryxhipk,2
test_jgyruupcvr,0
test_ubkuocypnu,0
test_uhsfbdqgwf,0
test_rtbippistt,0
test_wlfxrembli,0
test_sbexzydnas,1
test_yaulrotkxz,1
test_btjfuiipvs,2
test_pwfhvgjztp,1
test_sztlfgjnzx,2
test_kwpfilhwyd,1
test_kzjyqzypju,2
test_eguljxzzmm,2
test_mietrgpmhd,1
test_lmjyikkgxy,2
test_szscquegvc,1
test_fotmwbftgm,0
test_ixgxfalxiu,2
test_qqzkkfnrkd,2
test_qintdwtfzf,2
test_ikgpqpebyv,1
test_ovckdnbeoh,2
test_jcntaxaduz,2
test_adyzcnzflr,0
test_ccdcjkapvz,1
test_vupauajcwb,2
test_jwongqkguq,1
test_zrmebhzqcc,2
test_yobqvombvt,2
test_kktstlvbjb,2
test_qvxbnhilbj,0
test_wnulaedlho,0
test_nuvqoeysye,0
test_bycowqderx,2
test_xzbpmewdzm,1
test_ndnulzdmjv,0
test_pkoxemoxgq,1
test_fjlwxcqpnz,0
test_edpsjxgmhc,1
test_qppyjknhxs,0
test_mdjgnqpfux,1
test_tzfanmbfzd,0
test_bcbknxjinx,2
test_ripamfgzql,0
test_ksmvetrije,0
test_lsicpkehxl,1
test_lgjohjovpp,1
test_bahyovyweo,1
test_qjvosmmiiy,2
test_lukaodsvod,0
test_vjzbjplbvw,1
test_hherpbfoad,2
test_qeekiuqmdp,2
test_mseeeuzdvq,1
test_dfyqgwtcyh,0
test_baaudwsxex,2
test_iebhfvdtmh,2
test_sjxiswhneb,1
test_idteklwnlr,2
test_ovnfsshhsr,1
test_tqnvepqavo,2
test_xnrurmjamw,1
test_luibihivdm,1
test_kctlmalgaq,0
test_zoggtxvusm,0
test_pdwdekwtft,2
test_migjkllbmo,1
test_rbscvrcxee,1
test_dekefjjbdd,0
test_llxglfjwil,2
test_yjvywwblfs,2
test_oaqdqurosb,1
test_tkqfobkpql,2
test_bylhaomzmz,0
test_lesvrydsrk,1
test_fpbhppoqei,0
test_demvokplqv,0
test_vekrwqelhk,2
test_kbaifxxbui,1
test_svmqbmmoqt,1
test_ecxtxxcnik,1
test_phdwaeaprw,1
test_ppsllrazcc,2
test_cocctvnkfh,2
test_nclffsrxqk,2
test_huyjdoocnb,2
test_nswumwzjxu,0
test_uaspukmuug,2
test_kbqpnbowxq,0
test_tvzkcvuvlp,2
test_gydpgkgzxw,2
test_fdosazuklr,2
test_qqtpkykgfb,2
test_sfrakfvfxw,0
test_oaovcdeuyu,1
test_prxqspntdv,1
test_apqdupcnqk,2
test_dvijdlhcwn,2
test_pxsrbixdff,0
test_jmbhtbzupy,0
test_updrpycvqq,2
test_iwwbrlhmvn,2
test_kishiyvimg,1
test_rfyelfexyh,2
test_qumcxlmfgw,0
test_czryddsule,2
test_hnnovokpym,1
test_qxsybnxytz,0
test_tohroayahq,1
test_mhsjgysgju,1
test_morrxukueq,1
test_qejocciwzf,2
test_upkhlhpaen,1
test_ymirbevdyp,1
test_kskldxvmno,2
test_fivzvmykem,1
test_apzlhlcrml,2
test_fmafinwffw,1
test_dmrjhpulhi,2
test_xtiqybmcbz,1
test_fbkpjmqcsm,2
test_laiwnfocfl,1
test_oiwxagnqvv,1
test_xbnijgejpr,0
test_mkrszaakgr,0
test_pxuemzosba,1
test_wwiwnohhrz,0
test_rklkvkemei,2
test_jhnoadtmeb,1
test_dgischrxtc,0
test_svhfzubxlt,1
test_hzhlcnjhps,1
test_nafrhjgcea,2
test_hdalgnwuon,0
test_rezmrfdyst,2
test_ogcfnahval,0
test_zlcghxhxgs,0
test_lpgjccdpnt,2
test_ldcgjjlioq,1
test_bpzpziywuo,0
test_pdhieqkcyf,2
test_bwgpnwqgeg,0
test_zzdoohbgtr,2
test_mfysathffn,1
test_chbrovlvaj,0
test_tyileorwrg,0
test_obqxqlrdgb,0
test_bxnqmvjccu,1
test_enfkbhwhdq,1
test_ctvyyepywz,2
test_qzcfevxjbq,2
test_laxjuyjnyz,2
test_veejrgcjwl,2
test_bkqrtmixqs,2
test_rkxomqsspx,1
test_ufteolpnke,2
test_lwfeoltgkr,1
test_bkgatscpku,0
test_pfazsaalqw,1
test_brgmxaskwq,0
test_qfbhfwbcuh,2
test_xgwlhcryly,2
test_mojybvqlnt,0
test_fksymgrmnr,2
test_wbcrzzcwza,2
test_myrngskfof,2
test_jxobhhfgnp,1
test_bgdubfmqvc,1
test_eoszefzhft,0
test_vmzemqycyh,0
test_jpllkxmofr,1
test_mlgynzvdtx,0
test_smxmhcmklk,1
test_qciwkbfeet,0
test_yyfqluabxd,2
test_fevbmyahnz,0
test_rgmfhzlgfc,1
test_smfsyetczj,0
test_keszepluyx,2
test_flwoszvosn,1
test_pfizheypoy,2
test_vxzkhxckvh,1
test_bfulwbzwxf,1
test_arstvnxpka,2
test_rfawjsepdz,1
test_iydlyqjdsh,0
test_pdafygygtq,2
test_vzbtcfkugh,2
test_yvqabjdhaj,0
test_fyaturklwl,2
test_bdoniqbxgo,2
test_wswnpeulct,1
test_jgdasgzxfu,0
test_gwnremafcv,1
test_fvoiqlbbmz,2
test_hhtiuzxgjp,0
test_wlcpgotamf,0
test_tzcftsptea,1
test_plwugdphze,2
test_cdmcicmfyk,2
test_objloshxus,0
test_ngmhlmvvhe,2
test_frbacejosa,0
test_lqchaxpuyt,1
test_ycsfmtsool,0
test_iterjeioiv,0
test_izafjvpzmc,2
test_uuokxzblny,2
test_hsiploapbe,0
test_tnanoumtki,2
test_xvbfxuegmt,0
test_rvtqhsgpus,2
test_klnstrztpe,0
test_oefxzhfoon,1
test_uaskgjryjj,2
test_kjcfwtgqhu,0
test_vyrfhgsemy,1
test_bpxioreecb,1
test_izhvwanojy,1
test_ymcdhpvbkm,0
test_mgxpaxhxbk,1
test_ezuxaugmyz,2
test_fvxwoqrtdt,2
test_vhmwsvtbxs,2
test_llycbkpzvi,1
test_feptmnzang,1
test_cwtokvulkb,2
test_lwpvbchlxn,2
test_qtbsxyzxvg,2
test_hewwmmyxmm,2
test_krgkubihal,2
test_xzhrfhyzia,2
test_qnrscyhdud,0
test_piiwatmwds,1
test_xpmirmecru,2
test_djjxnseuew,1
test_mqiwwlzdsf,1
test_fpcqmliotc,0
test_smqiuppwxy,0
test_medyhgsnmu,1
test_crkqssbold,1
test_ftegdzyiui,0
test_vuezajifnl,0
test_bkyisbgtpa,0
test_mquyyvmikm,0
test_bohvjpwfyp,0
test_jumdywxmpl,1
test_dryqszrrhn,0
test_ogpxitwrsk,2
test_omqdiughtk,1
test_guhimxcdvj,0
test_zdnhcwoeth,2
test_hntjohipur,1
test_wxmqfkozts,2
test_yuikqhqpwj,1
test_nlsjmrqtxg,2
test_mgfrkrgupj,0
test_kpnqlmkijl,1
test_pykmxyryfn,1
test_klhuhhntvt,1
test_yzpnzqbfqn,0
test_tozjqpkwlg,0
test_lranmuzlpz,1
test_vjwsrvzbpu,2
test_seqzkjhoag,2
test_nptahzistf,2
test_rqhkcflzsm,2
test_canbwytqwt,2
test_gbescfhwxy,2
test_edukggecvq,0
test_chfwhfaxkv,0
test_ohwqdsnyec,1
test_eccoqavdnm,2
test_xfkbpxqsou,0
test_lnpnhshobm,0
test_mfrxfzfdja,2
test_qrjyuirlvp,0
test_yvpsvnphgv,2
test_qctnjbhsps,2
test_plnwrwzklz,1
test_zifwqmaelh,2
test_tuqkomqrrc,2
test_dosiqrwvti,0
test_pxrircqzdp,1
test_vzscuwxnts,1
test_inenpsnhod,1
test_qtfvaozjtk,0
test_mpwckwowwn,0
test_rpotzvsmvf,1
test_esoguzrtlk,1
test_gjezrrvriq,0
test_wujadbijhn,1
test_jmwxmovwpg,2
test_uipzgpkqnl,2
test_zafidtbvxa,2
test_oupyaofdok,0
test_opchinpopw,2
test_roodmkwmrk,1
test_hhqytgatoj,2
test_apqiozdmsq,1
test_yjhtdutlmn,2
test_yanbosvani,2
test_qdcookhnxj,0
test_whcgzajrut,1
test_hpaxyhnqrt,2
test_zfrpoztrvx,0
test_xqghiwnhqe,1
test_hpmfqgyims,0
test_ltnggmbxwp,2
test_mpsvguwrus,1
test_hyukezodlq,2
test_smcvaotmlc,0
test_odkyybdikj,0
test_klvhpyabqu,0
test_ikdtxwwzve,1
test_wacgqjfkkp,0
test_euncvhtpkd,1
test_myqwjupwbv,2
test_kdibjxtfap,0
test_hgjisfejxa,1
test_gplbewszbv,2
test_hjglnnwekl,0
test_dtkwnaamqa,1
test_msbsdngknl,2
test_nfewivivqi,0
test_lduxtdfgvr,1
test_ribfjpzgyn,0
test_arkecfkulp,1
test_pdyavizyba,1
test_zhfjzhunkb,1
test_mfzhljvmdm,2
test_mhkkkaugrz,1
test_xlucotfyfv,2
test_uetkmrqcbw,2
test_zfbejjdczz,1
test_mjipawqpqz,2
test_rhpqklkiya,1
test_xhkbjkbiet,1
test_jthdudjhbl,0
test_uvwnfgpzkr,1
test_rkkracfclz,1
test_qiurtsmtdk,1
test_rvihfybdfh,0
test_qfcetmbten,0
test_rtkigagezo,2
test_ooepmcvfql,0
test_oumoqupqvi,0
test_janjafxwsr,1
test_eugspsjycg,0
test_nivljvcrye,0
test_avaynrcthj,2
test_bgljszlmrw,2
test_jhrgjvruat,2
test_pswbntmbmo,0
test_xpmtemackg,0
test_sqkvhhbcos,0
test_pumkgwsdbv,0
test_mzgquxkbjr,0
test_skinwemhnb,0
test_mcheqwboku,1
test_xkfxplyckt,1
test_cotuyskqod,0
test_ajrqzamsrb,1
test_dwoogsdbbh,1
test_gtcpvhvrpj,1
test_xtacjeuclt,2
test_wujuymwwbp,1
test_fanzbqtwmd,0
test_bzqrmeiawn,0
test_mgcdlhtqeb,2
test_nlomkesqzi,2
test_iexzmrbxqs,2
test_symcyhufnq,2
test_qkadmmldub,1
test_crjqtslujo,1
test_lmlbjwzifa,1
test_peyiwkehnm,2
test_tgfvlvwijb,2
test_dtxjzyremb,1
test_itmsicnmvu,1
test_kcdvfatnzg,0
test_xufyycciad,2
test_kfedafmiqb,0
test_eorafbemxh,2
test_ekxbrkrksz,1
test_dxbdaldbfi,0
test_hsepubllkb,1
test_qlcxdsjifc,2
test_gnybnhqriv,0
test_iykcnplfwp,0
test_anwwrmtggn,2
test_acjccioeqd,0
test_mqrzipbdpr,1
test_arkeaokide,1
test_hzdahcdwbm,1
test_uoostiipwx,1
test_yixzndmumk,2
test_lbslybocim,0
test_erxjqpqasv,2
test_vxhhfvgzbr,2
test_izytfjuzke,0
test_jerlcfefck,2
test_oeivkrmuyp,0
test_qssjrgiddx,1
test_dlwkmkjblo,1
test_mvnwwdgcvu,1
test_ypxocfewhn,0
test_qpkynvaiio,2
test_xfpsrhrpuf,1
test_gzuuptukbd,0
test_tvlnaatwde,2
test_edpzwwgahn,2
test_bqzojpkvto,1
test_jzcwkgpgcl,0
test_zrlqblygxn,0
test_zjmuewdvhp,1
test_wyndovjfev,1
test_abhslcyoxp,2
test_zqybhaomik,2
test_ictauwigsi,0
test_crzlaygphk,0
test_rdayvoxpkl,2
test_qhffncakfc,2
test_wwgmegimvt,1
test_oicmyjpvmu,0
test_ckzqphdlqw,2
test_lgitespwmf,2
test_qphplyoxya,0
test_qphnzpzqxc,0
test_tojllljyek,1
test_ruywjbatlh,2
test_fhqhdhnlre,2
test_txafzciaai,2
test_nszveyanob,0
test_rvznyqngdf,2
test_lzghsjdukz,1
test_bczyljnrgh,2
test_himgjjsyno,1
test_hvldrjnvvk,0
test_viquafzcsc,0
test_jdqtiafjct,1
test_datdaegnvh,0
test_dzrtguwtif,0
test_hgoptfmdsm,2
test_hmtmjchlet,1
test_hojogckczy,2
test_tjnjchazkf,2
test_izvjuehbcv,1
test_gaqwykhohh,1
test_igiykojfvb,0
test_dxekpklvbd,1
test_vvrlcglsrx,0
test_zhaygeugot,2
test_hlvtcxxolh,0
test_gzcqheujqi,1
test_ptcsfcytbk,0
test_mimbzkdxzm,0
test_pcvzuiodtf,0
test_ajnprxqxfz,1
test_qvudgbhalw,1
test_kgteclutbt,0
test_nuakzyqgeg,0
test_tahmzqqeoh,2
test_iltyaomesw,0
test_yfynvusnbd,1
test_lwlxavllfd,0
test_ycanlrxzzr,1
test_uncyyrqjcq,2
test_tjsalzzeaj,0
test_pnmkluezly,1
test_dnwhxlvube,1
test_rjooihhech,0
test_obxjyfmtxd,1
test_tsdaoqzarx,1
test_osilyokgyu,2
test_ugdttvjwvo,2
test_zexblorfyc,0
test_itomhylngy,1
test_pyeysfjcil,1
test_dewrwuurci,2
test_qkcmsxvozx,0
test_ptgsulfbkp,0
test_hzgdkbsarb,1
test_cusqqxtbnh,1
test_zghgvwexau,1
test_ilaxlnixjr,0
test_lceywgizrt,0
test_lkizroyxmr,2
test_gfmvlpmpny,2
test_aievkvnxko,2
test_pemxpynzbu,1
test_kotsxwtdon,0
test_qpedixfuwl,0
test_vpknepuodg,2
test_vpdsvrhqya,0
test_cgegmdzlzy,2
test_vetflaawdl,1
test_pwuwjawrbc,2
test_umvoksijue,0
test_utbkbzuxao,2
test_ckahqxsesf,0
test_hrbppumpij,0
test_hyuouueixn,2
test_yflrafuqdk,0
test_rdjkozzrzy,1
test_sxasiwnbmf,1
test_edgivbkiol,2
test_dgmbuwkpcp,0
test_neoltfkxwh,0
test_tuhdkhjrdr,2
test_mdpdhhejue,2
test_fneppazdod,2
test_kusjwvyjgx,1
test_ipkrsruajo,0
test_zflywsxrgg,1
test_ylumymmbhc,1
test_ddofqkxnol,1
test_vwpndustbt,2
test_fmtzjbruhp,1
test_llnbnvhxlz,0
test_wjreyubwdk,0
test_lgxxhtjzui,1
test_mslxptszim,2
test_aewqqbxjvg,2
test_anhhltavkv,2
test_tnhephnnun,1
test_aplwdjyepl,2
test_jjqrtmwunx,0
test_lrfctmkrif,2
test_gsunxlxmlx,1
test_dijpaxytst,2
test_bqljtwcelh,2
test_sjbsaapmvh,2
test_aknriscgpw,1
test_lflcjmteie,1
test_zhanovfeqk,1
test_pxixipsgyw,1
test_bokuwxevuv,2
test_mjonbmmbmi,1
test_mokejbbfog,1
test_gmcqvgkakl,2
test_aqzhgzhezi,1
test_qhuyccmfwu,1
test_khnbzkgwnm,1
test_dqhdisissg,1
test_zclqtuzzfc,1
test_iutcxqdyui,0
test_tldhldxstc,0
test_ytzulfsodi,2
test_gtzczysrfq,1
test_ryeleevlcn,2
test_mhapjwczwb,1
test_kjktrdffpl,2
test_ksvutbutdi,0
test_muxyixosdn,0
test_kgsqmixfan,2
test_nqyndticla,1
test_occcsajfvl,0
test_yykrnldgch,2
test_dzzoxfnuyk,0
test_tiuyscffpm,1
test_ofshekkqwz,1
test_vtonykiwrj,2
test_tlusltizzl,1
test_zzjrlvcqnl,1
test_pnhpldaqoe,1
test_ftxzyywlln,2
test_kydzgrtfqv,2
test_rneriqoyby,1
test_wjvtpwcsyx,2
test_skqjlcyczy,1
test_egaiemzdoa,1
test_zhajlevzhs,1
test_ytpmuliuky,2
test_tglmezgntz,0
test_rwqnudrpag,0
test_osdsxiegog,0
test_pdjxllhemt,0
test_cduzwxvcyk,0
test_rpvxwggtrn,2
test_slejpnbhes,0
test_cugejfegya,2
test_jrovncqhhx,1
test_utxqqmueww,2
test_shjthgtpzo,1
test_xvjxrxpmea,2
test_waqroijjig,1
test_iuilocgeie,0
test_cdpkqvtzrv,0
test_wsbgtvjcfy,0
test_ilbqyhkmpv,0
test_ctfozmjlbe,0
test_yametxjgio,0
test_achllnmnix,1
test_tlrdjejhuu,2
test_hpyvubvojv,2
test_uxgmhwvuwz,0
test_swcphwdqur,1
test_iwleuenzdj,0
test_xvjmbfslma,2
test_xcdizqqsil,1
test_qpwlnhhnvx,1
test_ubguzczldl,1
test_xifhuwdyoy,0
test_fbmkjkqrqu,0
test_whldckplbs,0
test_zozmqvnavr,0
test_fximspxcuo,0
test_ebbwvnrtio,2
test_sqstpppkah,0
test_hgdyakfwul,2
test_tlwultopgv,0
test_lkbmaeyumq,0
test_bxpuzgqupi,2
test_bzrwwjyztd,2
test_uevddrzvrt,2
test_xxmaentkuk,0
test_hmozuoymoq,0
test_xtunnufngw,1
test_xnrdpftvla,2
test_oxxwclchxm,0
test_trykivummp,2
test_katrztfbyt,0
test_rrhnwtjvem,0
test_igfnptfsln,0
test_yhstvrkesj,0
test_nfjbhfzteb,1
test_zusizpysaj,2
test_jbhrohstwy,2
test_hwvddlpqrf,1
test_xscrliukjj,2
test_bnpeoctcch,1
test_ixobavnimz,1
test_tzvuhgrzru,1
test_tvivqtkeap,2
test_ddymlvwuvv,1
test_wtpkztiybx,2
test_gwkgexywdx,1
test_doompfnusm,2
test_lhwcytsocu,2
test_xuyvxbupcw,1
test_umppevuwga,1
test_ualiqjgbon,1
test_fpgicewrmu,1
test_ggtimzzeho,1
test_tcgopfblqt,2
test_xjnhtehowr,1
test_nrjcynyako,1
test_zpesuerbog,2
test_qvkpwoysnr,1
test_pfesefczhc,1
test_qfdzcvlmce,0
test_friilzmopg,0
test_yqwcxbuhtl,0
test_dxorthrptp,1
test_ltestvfqqv,2
